109,77,9m6TQ2extmU/zQDLxXp1yN/t7FY=,6496wnqbog6ja3oHrzt/vvGKHuc=
110,78,9m6TQ2extmU/zQDLxXp1yN/t7FY=,6496wnqbog6ja3oHrzt/vvGKHuc=
109,78,9m6TQ2extmU/zQDLxXp1yN/t7FY=,6496wnqbog6ja3oHrzt/vvGKHuc=
110,77,9m6TQ2extmU/zQDLxXp1yN/t7FY=,6496wnqbog6ja3oHrzt/vvGKHuc=
108,77,9m6TQ2extmU/zQDLxXp1yN/t7FY=,6496wnqbog6ja3oHrzt/vvGKHuc=
108,78,9m6TQ2extmU/zQDLxXp1yN/t7FY=,6496wnqbog6ja3oHrzt/vvGKHuc=
107,78,9m6TQ2extmU/zQDLxXp1yN/t7FY=,sDNYkfyOn7+twmlXQzzQkpv8rVI=
106,78,9m6TQ2extmU/zQDLxXp1yN/t7FY=,sDNYkfyOn7+twmlXQzzQkpv8rVI=
105,78,9m6TQ2extmU/zQDLxXp1yN/t7FY=,sDNYkfyOn7+twmlXQzzQkpv8rVI=
107,77,9m6TQ2extmU/zQDLxXp1yN/t7FY=,sDNYkfyOn7+twmlXQzzQkpv8rVI=
106,77,9m6TQ2extmU/zQDLxXp1yN/t7FY=,sDNYkfyOn7+twmlXQzzQkpv8rVI=
105,77,9m6TQ2extmU/zQDLxXp1yN/t7FY=,sDNYkfyOn7+twmlXQzzQkpv8rVI=
110,76,9m6TQ2extmU/zQDLxXp1yN/t7FY=,6496wnqbog6ja3oHrzt/vvGKHuc=
110,74,9m6TQ2extmU/zQDLxXp1yN/t7FY=,W/k8MCJhDZTz/CjysWxz49aEguo=
109,76,9m6TQ2extmU/zQDLxXp1yN/t7FY=,6496wnqbog6ja3oHrzt/vvGKHuc=
110,75,9m6TQ2extmU/zQDLxXp1yN/t7FY=,W/k8MCJhDZTz/CjysWxz49aEguo=
109,75,9m6TQ2extmU/zQDLxXp1yN/t7FY=,W/k8MCJhDZTz/CjysWxz49aEguo=
109,74,9m6TQ2extmU/zQDLxXp1yN/t7FY=,W/k8MCJhDZTz/CjysWxz49aEguo=
110,73,9m6TQ2extmU/zQDLxXp1yN/t7FY=,W/k8MCJhDZTz/CjysWxz49aEguo=
109,73,9m6TQ2extmU/zQDLxXp1yN/t7FY=,W/k8MCJhDZTz/CjysWxz49aEguo=
107,76,9m6TQ2extmU/zQDLxXp1yN/t7FY=,sDNYkfyOn7+twmlXQzzQkpv8rVI=
105,73,9m6TQ2extmU/zQDLxXp1yN/t7FY=,9D0U7VbXpDIc82LFspUUqI9rf2s=
108,75,9m6TQ2extmU/zQDLxXp1yN/t7FY=,W/k8MCJhDZTz/CjysWxz49aEguo=
108,76,9m6TQ2extmU/zQDLxXp1yN/t7FY=,6496wnqbog6ja3oHrzt/vvGKHuc=
106,76,9m6TQ2extmU/zQDLxXp1yN/t7FY=,sDNYkfyOn7+twmlXQzzQkpv8rVI=
105,74,9m6TQ2extmU/zQDLxXp1yN/t7FY=,9D0U7VbXpDIc82LFspUUqI9rf2s=
107,75,9m6TQ2extmU/zQDLxXp1yN/t7FY=,9D0U7VbXpDIc82LFspUUqI9rf2s=
106,73,9m6TQ2extmU/zQDLxXp1yN/t7FY=,9D0U7VbXpDIc82LFspUUqI9rf2s=
108,74,9m6TQ2extmU/zQDLxXp1yN/t7FY=,W/k8MCJhDZTz/CjysWxz49aEguo=
107,74,9m6TQ2extmU/zQDLxXp1yN/t7FY=,9D0U7VbXpDIc82LFspUUqI9rf2s=
108,73,9m6TQ2extmU/zQDLxXp1yN/t7FY=,W/k8MCJhDZTz/CjysWxz49aEguo=
106,74,9m6TQ2extmU/zQDLxXp1yN/t7FY=,9D0U7VbXpDIc82LFspUUqI9rf2s=
105,76,9m6TQ2extmU/zQDLxXp1yN/t7FY=,sDNYkfyOn7+twmlXQzzQkpv8rVI=
105,75,9m6TQ2extmU/zQDLxXp1yN/t7FY=,9D0U7VbXpDIc82LFspUUqI9rf2s=
106,75,9m6TQ2extmU/zQDLxXp1yN/t7FY=,9D0U7VbXpDIc82LFspUUqI9rf2s=
107,73,9m6TQ2extmU/zQDLxXp1yN/t7FY=,9D0U7VbXpDIc82LFspUUqI9rf2s=
110,72,9m6TQ2extmU/zQDLxXp1yN/t7FY=,W/k8MCJhDZTz/CjysWxz49aEguo=
110,71,9m6TQ2extmU/zQDLxXp1yN/t7FY=,ZlSOrSN9T0uGWy2rMoONzvAPdfw=
109,70,9m6TQ2extmU/zQDLxXp1yN/t7FY=,ZlSOrSN9T0uGWy2rMoONzvAPdfw=
109,69,9m6TQ2extmU/zQDLxXp1yN/t7FY=,ZlSOrSN9T0uGWy2rMoONzvAPdfw=
110,70,9m6TQ2extmU/zQDLxXp1yN/t7FY=,ZlSOrSN9T0uGWy2rMoONzvAPdfw=
109,72,9m6TQ2extmU/zQDLxXp1yN/t7FY=,W/k8MCJhDZTz/CjysWxz49aEguo=
110,69,9m6TQ2extmU/zQDLxXp1yN/t7FY=,ZlSOrSN9T0uGWy2rMoONzvAPdfw=
109,71,9m6TQ2extmU/zQDLxXp1yN/t7FY=,ZlSOrSN9T0uGWy2rMoONzvAPdfw=
108,69,9m6TQ2extmU/zQDLxXp1yN/t7FY=,ZlSOrSN9T0uGWy2rMoONzvAPdfw=
107,70,9m6TQ2extmU/zQDLxXp1yN/t7FY=,D8pqggD2G7pZFV6XL0PxJsHWSM8=
107,69,9m6TQ2extmU/zQDLxXp1yN/t7FY=,D8pqggD2G7pZFV6XL0PxJsHWSM8=
105,70,9m6TQ2extmU/zQDLxXp1yN/t7FY=,D8pqggD2G7pZFV6XL0PxJsHWSM8=
108,70,9m6TQ2extmU/zQDLxXp1yN/t7FY=,ZlSOrSN9T0uGWy2rMoONzvAPdfw=
105,69,9m6TQ2extmU/zQDLxXp1yN/t7FY=,D8pqggD2G7pZFV6XL0PxJsHWSM8=
108,71,9m6TQ2extmU/zQDLxXp1yN/t7FY=,ZlSOrSN9T0uGWy2rMoONzvAPdfw=
106,69,9m6TQ2extmU/zQDLxXp1yN/t7FY=,D8pqggD2G7pZFV6XL0PxJsHWSM8=
107,72,9m6TQ2extmU/zQDLxXp1yN/t7FY=,9D0U7VbXpDIc82LFspUUqI9rf2s=
106,70,9m6TQ2extmU/zQDLxXp1yN/t7FY=,D8pqggD2G7pZFV6XL0PxJsHWSM8=
108,72,9m6TQ2extmU/zQDLxXp1yN/t7FY=,W/k8MCJhDZTz/CjysWxz49aEguo=
106,72,9m6TQ2extmU/zQDLxXp1yN/t7FY=,9D0U7VbXpDIc82LFspUUqI9rf2s=
105,72,9m6TQ2extmU/zQDLxXp1yN/t7FY=,9D0U7VbXpDIc82LFspUUqI9rf2s=
105,71,9m6TQ2extmU/zQDLxXp1yN/t7FY=,D8pqggD2G7pZFV6XL0PxJsHWSM8=
107,71,9m6TQ2extmU/zQDLxXp1yN/t7FY=,D8pqggD2G7pZFV6XL0PxJsHWSM8=
106,71,9m6TQ2extmU/zQDLxXp1yN/t7FY=,D8pqggD2G7pZFV6XL0PxJsHWSM8=
101,65,9m6TQ2extmU/zQDLxXp1yN/t7FY=,2YkElV0TTQ38WyIIDp4iLpu5TIs=
102,66,9m6TQ2extmU/zQDLxXp1yN/t7FY=,2YkElV0TTQ38WyIIDp4iLpu5TIs=
101,66,9m6TQ2extmU/zQDLxXp1yN/t7FY=,2YkElV0TTQ38WyIIDp4iLpu5TIs=
102,65,9m6TQ2extmU/zQDLxXp1yN/t7FY=,2YkElV0TTQ38WyIIDp4iLpu5TIs=
103,73,9m6TQ2extmU/zQDLxXp1yN/t7FY=,2cXRTP2NxDGI1m4pu43cCjmgy6I=
104,73,9m6TQ2extmU/zQDLxXp1yN/t7FY=,9D0U7VbXpDIc82LFspUUqI9rf2s=
102,74,9m6TQ2extmU/zQDLxXp1yN/t7FY=,2cXRTP2NxDGI1m4pu43cCjmgy6I=
103,74,9m6TQ2extmU/zQDLxXp1yN/t7FY=,2cXRTP2NxDGI1m4pu43cCjmgy6I=
101,74,9m6TQ2extmU/zQDLxXp1yN/t7FY=,2cXRTP2NxDGI1m4pu43cCjmgy6I=
104,74,9m6TQ2extmU/zQDLxXp1yN/t7FY=,9D0U7VbXpDIc82LFspUUqI9rf2s=
102,73,9m6TQ2extmU/zQDLxXp1yN/t7FY=,2cXRTP2NxDGI1m4pu43cCjmgy6I=
101,73,9m6TQ2extmU/zQDLxXp1yN/t7FY=,2cXRTP2NxDGI1m4pu43cCjmgy6I=
97,69,9m6TQ2extmU/zQDLxXp1yN/t7FY=,BI+RTyEsrEtpu3ITvUPOgRtLdMw=
98,69,9m6TQ2extmU/zQDLxXp1yN/t7FY=,BI+RTyEsrEtpu3ITvUPOgRtLdMw=
97,70,9m6TQ2extmU/zQDLxXp1yN/t7FY=,BI+RTyEsrEtpu3ITvUPOgRtLdMw=
98,70,9m6TQ2extmU/zQDLxXp1yN/t7FY=,BI+RTyEsrEtpu3ITvUPOgRtLdMw=
98,74,9m6TQ2extmU/zQDLxXp1yN/t7FY=,PjG2FMuRyy78EBceCwkYM0dNnPk=
97,74,9m6TQ2extmU/zQDLxXp1yN/t7FY=,PjG2FMuRyy78EBceCwkYM0dNnPk=
97,72,9m6TQ2extmU/zQDLxXp1yN/t7FY=,PjG2FMuRyy78EBceCwkYM0dNnPk=
97,73,9m6TQ2extmU/zQDLxXp1yN/t7FY=,PjG2FMuRyy78EBceCwkYM0dNnPk=
98,73,9m6TQ2extmU/zQDLxXp1yN/t7FY=,PjG2FMuRyy78EBceCwkYM0dNnPk=
99,74,9m6TQ2extmU/zQDLxXp1yN/t7FY=,PjG2FMuRyy78EBceCwkYM0dNnPk=
100,73,9m6TQ2extmU/zQDLxXp1yN/t7FY=,2cXRTP2NxDGI1m4pu43cCjmgy6I=
101,78,9m6TQ2extmU/zQDLxXp1yN/t7FY=,2X8JXk6Lgf/ocdvvqFRY1T35A5Q=
98,72,9m6TQ2extmU/zQDLxXp1yN/t7FY=,PjG2FMuRyy78EBceCwkYM0dNnPk=
103,78,9m6TQ2extmU/zQDLxXp1yN/t7FY=,2X8JXk6Lgf/ocdvvqFRY1T35A5Q=
102,78,9m6TQ2extmU/zQDLxXp1yN/t7FY=,2X8JXk6Lgf/ocdvvqFRY1T35A5Q=
98,71,9m6TQ2extmU/zQDLxXp1yN/t7FY=,BI+RTyEsrEtpu3ITvUPOgRtLdMw=
99,73,9m6TQ2extmU/zQDLxXp1yN/t7FY=,PjG2FMuRyy78EBceCwkYM0dNnPk=
101,77,9m6TQ2extmU/zQDLxXp1yN/t7FY=,2X8JXk6Lgf/ocdvvqFRY1T35A5Q=
102,77,9m6TQ2extmU/zQDLxXp1yN/t7FY=,2X8JXk6Lgf/ocdvvqFRY1T35A5Q=
100,74,9m6TQ2extmU/zQDLxXp1yN/t7FY=,2cXRTP2NxDGI1m4pu43cCjmgy6I=
104,78,9m6TQ2extmU/zQDLxXp1yN/t7FY=,sDNYkfyOn7+twmlXQzzQkpv8rVI=
101,76,9m6TQ2extmU/zQDLxXp1yN/t7FY=,2X8JXk6Lgf/ocdvvqFRY1T35A5Q=
104,77,9m6TQ2extmU/zQDLxXp1yN/t7FY=,sDNYkfyOn7+twmlXQzzQkpv8rVI=
103,77,9m6TQ2extmU/zQDLxXp1yN/t7FY=,2X8JXk6Lgf/ocdvvqFRY1T35A5Q=
102,76,9m6TQ2extmU/zQDLxXp1yN/t7FY=,2X8JXk6Lgf/ocdvvqFRY1T35A5Q=
103,75,9m6TQ2extmU/zQDLxXp1yN/t7FY=,2cXRTP2NxDGI1m4pu43cCjmgy6I=
103,76,9m6TQ2extmU/zQDLxXp1yN/t7FY=,2X8JXk6Lgf/ocdvvqFRY1T35A5Q=
104,75,9m6TQ2extmU/zQDLxXp1yN/t7FY=,9D0U7VbXpDIc82LFspUUqI9rf2s=
104,76,9m6TQ2extmU/zQDLxXp1yN/t7FY=,sDNYkfyOn7+twmlXQzzQkpv8rVI=
102,75,9m6TQ2extmU/zQDLxXp1yN/t7FY=,2cXRTP2NxDGI1m4pu43cCjmgy6I=
101,75,9m6TQ2extmU/zQDLxXp1yN/t7FY=,2cXRTP2NxDGI1m4pu43cCjmgy6I=
97,71,9m6TQ2extmU/zQDLxXp1yN/t7FY=,BI+RTyEsrEtpu3ITvUPOgRtLdMw=
101,70,9m6TQ2extmU/zQDLxXp1yN/t7FY=,u2VM3LPhjzgKkFeHcG0J+WJgLR8=
101,67,9m6TQ2extmU/zQDLxXp1yN/t7FY=,2YkElV0TTQ38WyIIDp4iLpu5TIs=
104,70,9m6TQ2extmU/zQDLxXp1yN/t7FY=,D8pqggD2G7pZFV6XL0PxJsHWSM8=
103,70,9m6TQ2extmU/zQDLxXp1yN/t7FY=,u2VM3LPhjzgKkFeHcG0J+WJgLR8=
100,70,9m6TQ2extmU/zQDLxXp1yN/t7FY=,u2VM3LPhjzgKkFeHcG0J+WJgLR8=
102,67,9m6TQ2extmU/zQDLxXp1yN/t7FY=,2YkElV0TTQ38WyIIDp4iLpu5TIs=
101,69,9m6TQ2extmU/zQDLxXp1yN/t7FY=,u2VM3LPhjzgKkFeHcG0J+WJgLR8=
103,72,9m6TQ2extmU/zQDLxXp1yN/t7FY=,2cXRTP2NxDGI1m4pu43cCjmgy6I=
102,70,9m6TQ2extmU/zQDLxXp1yN/t7FY=,u2VM3LPhjzgKkFeHcG0J+WJgLR8=
99,70,9m6TQ2extmU/zQDLxXp1yN/t7FY=,BI+RTyEsrEtpu3ITvUPOgRtLdMw=
104,69,9m6TQ2extmU/zQDLxXp1yN/t7FY=,D8pqggD2G7pZFV6XL0PxJsHWSM8=
102,68,9m6TQ2extmU/zQDLxXp1yN/t7FY=,u2VM3LPhjzgKkFeHcG0J+WJgLR8=
102,72,9m6TQ2extmU/zQDLxXp1yN/t7FY=,2cXRTP2NxDGI1m4pu43cCjmgy6I=
101,72,9m6TQ2extmU/zQDLxXp1yN/t7FY=,2cXRTP2NxDGI1m4pu43cCjmgy6I=
104,72,9m6TQ2extmU/zQDLxXp1yN/t7FY=,9D0U7VbXpDIc82LFspUUqI9rf2s=
100,72,9m6TQ2extmU/zQDLxXp1yN/t7FY=,2cXRTP2NxDGI1m4pu43cCjmgy6I=
102,69,9m6TQ2extmU/zQDLxXp1yN/t7FY=,u2VM3LPhjzgKkFeHcG0J+WJgLR8=
100,69,9m6TQ2extmU/zQDLxXp1yN/t7FY=,u2VM3LPhjzgKkFeHcG0J+WJgLR8=
103,69,9m6TQ2extmU/zQDLxXp1yN/t7FY=,u2VM3LPhjzgKkFeHcG0J+WJgLR8=
99,72,9m6TQ2extmU/zQDLxXp1yN/t7FY=,PjG2FMuRyy78EBceCwkYM0dNnPk=
99,71,9m6TQ2extmU/zQDLxXp1yN/t7FY=,BI+RTyEsrEtpu3ITvUPOgRtLdMw=
103,71,9m6TQ2extmU/zQDLxXp1yN/t7FY=,u2VM3LPhjzgKkFeHcG0J+WJgLR8=
101,71,9m6TQ2extmU/zQDLxXp1yN/t7FY=,u2VM3LPhjzgKkFeHcG0J+WJgLR8=
100,71,9m6TQ2extmU/zQDLxXp1yN/t7FY=,u2VM3LPhjzgKkFeHcG0J+WJgLR8=
102,71,9m6TQ2extmU/zQDLxXp1yN/t7FY=,u2VM3LPhjzgKkFeHcG0J+WJgLR8=
104,71,9m6TQ2extmU/zQDLxXp1yN/t7FY=,D8pqggD2G7pZFV6XL0PxJsHWSM8=
99,69,9m6TQ2extmU/zQDLxXp1yN/t7FY=,BI+RTyEsrEtpu3ITvUPOgRtLdMw=
101,68,9m6TQ2extmU/zQDLxXp1yN/t7FY=,u2VM3LPhjzgKkFeHcG0J+WJgLR8=
100,66,9m6TQ2extmU/zQDLxXp1yN/t7FY=,2YkElV0TTQ38WyIIDp4iLpu5TIs=
100,65,9m6TQ2extmU/zQDLxXp1yN/t7FY=,2YkElV0TTQ38WyIIDp4iLpu5TIs=
99,65,9m6TQ2extmU/zQDLxXp1yN/t7FY=,KzejNaer3HUEyhpO7r2BcJNwjHQ=
97,68,9m6TQ2extmU/zQDLxXp1yN/t7FY=,BI+RTyEsrEtpu3ITvUPOgRtLdMw=
99,66,9m6TQ2extmU/zQDLxXp1yN/t7FY=,KzejNaer3HUEyhpO7r2BcJNwjHQ=
111,77,9m6TQ2extmU/zQDLxXp1yN/t7FY=,6496wnqbog6ja3oHrzt/vvGKHuc=
111,78,9m6TQ2extmU/zQDLxXp1yN/t7FY=,6496wnqbog6ja3oHrzt/vvGKHuc=
98,75,9m6TQ2extmU/zQDLxXp1yN/t7FY=,PjG2FMuRyy78EBceCwkYM0dNnPk=
97,75,9m6TQ2extmU/zQDLxXp1yN/t7FY=,PjG2FMuRyy78EBceCwkYM0dNnPk=
100,78,9m6TQ2extmU/zQDLxXp1yN/t7FY=,2X8JXk6Lgf/ocdvvqFRY1T35A5Q=
100,77,9m6TQ2extmU/zQDLxXp1yN/t7FY=,2X8JXk6Lgf/ocdvvqFRY1T35A5Q=
99,75,9m6TQ2extmU/zQDLxXp1yN/t7FY=,PjG2FMuRyy78EBceCwkYM0dNnPk=
100,76,9m6TQ2extmU/zQDLxXp1yN/t7FY=,2X8JXk6Lgf/ocdvvqFRY1T35A5Q=
97,65,9m6TQ2extmU/zQDLxXp1yN/t7FY=,KzejNaer3HUEyhpO7r2BcJNwjHQ=
99,68,9m6TQ2extmU/zQDLxXp1yN/t7FY=,BI+RTyEsrEtpu3ITvUPOgRtLdMw=
98,68,9m6TQ2extmU/zQDLxXp1yN/t7FY=,BI+RTyEsrEtpu3ITvUPOgRtLdMw=
98,65,9m6TQ2extmU/zQDLxXp1yN/t7FY=,KzejNaer3HUEyhpO7r2BcJNwjHQ=
100,75,9m6TQ2extmU/zQDLxXp1yN/t7FY=,2cXRTP2NxDGI1m4pu43cCjmgy6I=
99,67,9m6TQ2extmU/zQDLxXp1yN/t7FY=,KzejNaer3HUEyhpO7r2BcJNwjHQ=
98,66,9m6TQ2extmU/zQDLxXp1yN/t7FY=,KzejNaer3HUEyhpO7r2BcJNwjHQ=
97,66,9m6TQ2extmU/zQDLxXp1yN/t7FY=,KzejNaer3HUEyhpO7r2BcJNwjHQ=
100,67,9m6TQ2extmU/zQDLxXp1yN/t7FY=,2YkElV0TTQ38WyIIDp4iLpu5TIs=
100,68,9m6TQ2extmU/zQDLxXp1yN/t7FY=,u2VM3LPhjzgKkFeHcG0J+WJgLR8=
98,67,9m6TQ2extmU/zQDLxXp1yN/t7FY=,KzejNaer3HUEyhpO7r2BcJNwjHQ=
97,67,9m6TQ2extmU/zQDLxXp1yN/t7FY=,KzejNaer3HUEyhpO7r2BcJNwjHQ=
111,76,9m6TQ2extmU/zQDLxXp1yN/t7FY=,6496wnqbog6ja3oHrzt/vvGKHuc=
111,75,9m6TQ2extmU/zQDLxXp1yN/t7FY=,W/k8MCJhDZTz/CjysWxz49aEguo=
111,73,9m6TQ2extmU/zQDLxXp1yN/t7FY=,W/k8MCJhDZTz/CjysWxz49aEguo=
111,74,9m6TQ2extmU/zQDLxXp1yN/t7FY=,W/k8MCJhDZTz/CjysWxz49aEguo=
102,64,9m6TQ2extmU/zQDLxXp1yN/t7FY=,2YkElV0TTQ38WyIIDp4iLpu5TIs=
101,64,9m6TQ2extmU/zQDLxXp1yN/t7FY=,2YkElV0TTQ38WyIIDp4iLpu5TIs=
111,69,9m6TQ2extmU/zQDLxXp1yN/t7FY=,ZlSOrSN9T0uGWy2rMoONzvAPdfw=
111,70,9m6TQ2extmU/zQDLxXp1yN/t7FY=,ZlSOrSN9T0uGWy2rMoONzvAPdfw=
111,72,9m6TQ2extmU/zQDLxXp1yN/t7FY=,W/k8MCJhDZTz/CjysWxz49aEguo=
111,71,9m6TQ2extmU/zQDLxXp1yN/t7FY=,ZlSOrSN9T0uGWy2rMoONzvAPdfw=
100,64,9m6TQ2extmU/zQDLxXp1yN/t7FY=,2YkElV0TTQ38WyIIDp4iLpu5TIs=
99,64,9m6TQ2extmU/zQDLxXp1yN/t7FY=,KzejNaer3HUEyhpO7r2BcJNwjHQ=
97,64,9m6TQ2extmU/zQDLxXp1yN/t7FY=,KzejNaer3HUEyhpO7r2BcJNwjHQ=
98,64,9m6TQ2extmU/zQDLxXp1yN/t7FY=,KzejNaer3HUEyhpO7r2BcJNwjHQ=
96,70,9m6TQ2extmU/zQDLxXp1yN/t7FY=,BI+RTyEsrEtpu3ITvUPOgRtLdMw=
96,69,9m6TQ2extmU/zQDLxXp1yN/t7FY=,BI+RTyEsrEtpu3ITvUPOgRtLdMw=
96,74,9m6TQ2extmU/zQDLxXp1yN/t7FY=,PjG2FMuRyy78EBceCwkYM0dNnPk=
96,72,9m6TQ2extmU/zQDLxXp1yN/t7FY=,PjG2FMuRyy78EBceCwkYM0dNnPk=
96,73,9m6TQ2extmU/zQDLxXp1yN/t7FY=,PjG2FMuRyy78EBceCwkYM0dNnPk=
96,71,9m6TQ2extmU/zQDLxXp1yN/t7FY=,BI+RTyEsrEtpu3ITvUPOgRtLdMw=
96,65,9m6TQ2extmU/zQDLxXp1yN/t7FY=,KzejNaer3HUEyhpO7r2BcJNwjHQ=
96,66,9m6TQ2extmU/zQDLxXp1yN/t7FY=,KzejNaer3HUEyhpO7r2BcJNwjHQ=
96,68,9m6TQ2extmU/zQDLxXp1yN/t7FY=,BI+RTyEsrEtpu3ITvUPOgRtLdMw=
96,67,9m6TQ2extmU/zQDLxXp1yN/t7FY=,KzejNaer3HUEyhpO7r2BcJNwjHQ=
109,79,9m6TQ2extmU/zQDLxXp1yN/t7FY=,6496wnqbog6ja3oHrzt/vvGKHuc=
110,79,9m6TQ2extmU/zQDLxXp1yN/t7FY=,6496wnqbog6ja3oHrzt/vvGKHuc=
105,79,9m6TQ2extmU/zQDLxXp1yN/t7FY=,sDNYkfyOn7+twmlXQzzQkpv8rVI=
111,79,9m6TQ2extmU/zQDLxXp1yN/t7FY=,6496wnqbog6ja3oHrzt/vvGKHuc=
108,79,9m6TQ2extmU/zQDLxXp1yN/t7FY=,6496wnqbog6ja3oHrzt/vvGKHuc=
106,79,9m6TQ2extmU/zQDLxXp1yN/t7FY=,sDNYkfyOn7+twmlXQzzQkpv8rVI=
107,79,9m6TQ2extmU/zQDLxXp1yN/t7FY=,sDNYkfyOn7+twmlXQzzQkpv8rVI=
101,79,9m6TQ2extmU/zQDLxXp1yN/t7FY=,2X8JXk6Lgf/ocdvvqFRY1T35A5Q=
103,79,9m6TQ2extmU/zQDLxXp1yN/t7FY=,2X8JXk6Lgf/ocdvvqFRY1T35A5Q=
102,79,9m6TQ2extmU/zQDLxXp1yN/t7FY=,2X8JXk6Lgf/ocdvvqFRY1T35A5Q=
104,79,9m6TQ2extmU/zQDLxXp1yN/t7FY=,sDNYkfyOn7+twmlXQzzQkpv8rVI=
96,64,9m6TQ2extmU/zQDLxXp1yN/t7FY=,KzejNaer3HUEyhpO7r2BcJNwjHQ=
96,75,9m6TQ2extmU/zQDLxXp1yN/t7FY=,PjG2FMuRyy78EBceCwkYM0dNnPk=
100,79,9m6TQ2extmU/zQDLxXp1yN/t7FY=,2X8JXk6Lgf/ocdvvqFRY1T35A5Q=
111,68,MYjfNYtIiaiKymJckxl6VttaYic=,ZlSOrSN9T0uGWy2rMoONzvAPdfw=
111,67,MYjfNYtIiaiKymJckxl6VttaYic=,0K6MfT3q8ITY5af6Ihgl0dhDxvg=
110,67,MYjfNYtIiaiKymJckxl6VttaYic=,0K6MfT3q8ITY5af6Ihgl0dhDxvg=
109,67,MYjfNYtIiaiKymJckxl6VttaYic=,0K6MfT3q8ITY5af6Ihgl0dhDxvg=
111,64,MYjfNYtIiaiKymJckxl6VttaYic=,0K6MfT3q8ITY5af6Ihgl0dhDxvg=
109,66,MYjfNYtIiaiKymJckxl6VttaYic=,0K6MfT3q8ITY5af6Ihgl0dhDxvg=
110,64,MYjfNYtIiaiKymJckxl6VttaYic=,0K6MfT3q8ITY5af6Ihgl0dhDxvg=
111,65,MYjfNYtIiaiKymJckxl6VttaYic=,0K6MfT3q8ITY5af6Ihgl0dhDxvg=
110,68,MYjfNYtIiaiKymJckxl6VttaYic=,ZlSOrSN9T0uGWy2rMoONzvAPdfw=
110,66,MYjfNYtIiaiKymJckxl6VttaYic=,0K6MfT3q8ITY5af6Ihgl0dhDxvg=
111,66,MYjfNYtIiaiKymJckxl6VttaYic=,0K6MfT3q8ITY5af6Ihgl0dhDxvg=
109,64,MYjfNYtIiaiKymJckxl6VttaYic=,0K6MfT3q8ITY5af6Ihgl0dhDxvg=
109,68,MYjfNYtIiaiKymJckxl6VttaYic=,ZlSOrSN9T0uGWy2rMoONzvAPdfw=
110,65,MYjfNYtIiaiKymJckxl6VttaYic=,0K6MfT3q8ITY5af6Ihgl0dhDxvg=
109,65,MYjfNYtIiaiKymJckxl6VttaYic=,0K6MfT3q8ITY5af6Ihgl0dhDxvg=
103,65,MYjfNYtIiaiKymJckxl6VttaYic=,2YkElV0TTQ38WyIIDp4iLpu5TIs=
103,64,MYjfNYtIiaiKymJckxl6VttaYic=,2YkElV0TTQ38WyIIDp4iLpu5TIs=
104,64,MYjfNYtIiaiKymJckxl6VttaYic=,S/GrBuHi7AeEZd2O5Aona/dSEh0=
105,64,MYjfNYtIiaiKymJckxl6VttaYic=,S/GrBuHi7AeEZd2O5Aona/dSEh0=
103,66,MYjfNYtIiaiKymJckxl6VttaYic=,2YkElV0TTQ38WyIIDp4iLpu5TIs=
106,64,MYjfNYtIiaiKymJckxl6VttaYic=,S/GrBuHi7AeEZd2O5Aona/dSEh0=
107,64,MYjfNYtIiaiKymJckxl6VttaYic=,S/GrBuHi7AeEZd2O5Aona/dSEh0=
108,64,MYjfNYtIiaiKymJckxl6VttaYic=,0K6MfT3q8ITY5af6Ihgl0dhDxvg=
107,66,MYjfNYtIiaiKymJckxl6VttaYic=,S/GrBuHi7AeEZd2O5Aona/dSEh0=
106,66,MYjfNYtIiaiKymJckxl6VttaYic=,S/GrBuHi7AeEZd2O5Aona/dSEh0=
105,66,MYjfNYtIiaiKymJckxl6VttaYic=,S/GrBuHi7AeEZd2O5Aona/dSEh0=
108,66,MYjfNYtIiaiKymJckxl6VttaYic=,0K6MfT3q8ITY5af6Ihgl0dhDxvg=
108,67,MYjfNYtIiaiKymJckxl6VttaYic=,0K6MfT3q8ITY5af6Ihgl0dhDxvg=
106,68,MYjfNYtIiaiKymJckxl6VttaYic=,D8pqggD2G7pZFV6XL0PxJsHWSM8=
104,67,MYjfNYtIiaiKymJckxl6VttaYic=,S/GrBuHi7AeEZd2O5Aona/dSEh0=
107,68,MYjfNYtIiaiKymJckxl6VttaYic=,D8pqggD2G7pZFV6XL0PxJsHWSM8=
104,66,MYjfNYtIiaiKymJckxl6VttaYic=,S/GrBuHi7AeEZd2O5Aona/dSEh0=
107,65,MYjfNYtIiaiKymJckxl6VttaYic=,S/GrBuHi7AeEZd2O5Aona/dSEh0=
106,67,MYjfNYtIiaiKymJckxl6VttaYic=,S/GrBuHi7AeEZd2O5Aona/dSEh0=
108,65,MYjfNYtIiaiKymJckxl6VttaYic=,0K6MfT3q8ITY5af6Ihgl0dhDxvg=
108,68,MYjfNYtIiaiKymJckxl6VttaYic=,ZlSOrSN9T0uGWy2rMoONzvAPdfw=
104,65,MYjfNYtIiaiKymJckxl6VttaYic=,S/GrBuHi7AeEZd2O5Aona/dSEh0=
105,68,MYjfNYtIiaiKymJckxl6VttaYic=,D8pqggD2G7pZFV6XL0PxJsHWSM8=
106,65,MYjfNYtIiaiKymJckxl6VttaYic=,S/GrBuHi7AeEZd2O5Aona/dSEh0=
107,67,MYjfNYtIiaiKymJckxl6VttaYic=,S/GrBuHi7AeEZd2O5Aona/dSEh0=
104,68,MYjfNYtIiaiKymJckxl6VttaYic=,D8pqggD2G7pZFV6XL0PxJsHWSM8=
105,67,MYjfNYtIiaiKymJckxl6VttaYic=,S/GrBuHi7AeEZd2O5Aona/dSEh0=
105,65,MYjfNYtIiaiKymJckxl6VttaYic=,S/GrBuHi7AeEZd2O5Aona/dSEh0=
103,67,MYjfNYtIiaiKymJckxl6VttaYic=,2YkElV0TTQ38WyIIDp4iLpu5TIs=
103,68,MYjfNYtIiaiKymJckxl6VttaYic=,u2VM3LPhjzgKkFeHcG0J+WJgLR8=
113,65,MYjfNYtIiaiKymJckxl6VttaYic=,jUTVk4JjRTzs4QY/gWG62XCzLa8=
115,65,MYjfNYtIiaiKymJckxl6VttaYic=,jUTVk4JjRTzs4QY/gWG62XCzLa8=
112,66,MYjfNYtIiaiKymJckxl6VttaYic=,jUTVk4JjRTzs4QY/gWG62XCzLa8=
113,66,MYjfNYtIiaiKymJckxl6VttaYic=,jUTVk4JjRTzs4QY/gWG62XCzLa8=
114,65,MYjfNYtIiaiKymJckxl6VttaYic=,jUTVk4JjRTzs4QY/gWG62XCzLa8=
115,66,MYjfNYtIiaiKymJckxl6VttaYic=,jUTVk4JjRTzs4QY/gWG62XCzLa8=
114,66,MYjfNYtIiaiKymJckxl6VttaYic=,jUTVk4JjRTzs4QY/gWG62XCzLa8=
112,65,MYjfNYtIiaiKymJckxl6VttaYic=,jUTVk4JjRTzs4QY/gWG62XCzLa8=
113,64,MYjfNYtIiaiKymJckxl6VttaYic=,jUTVk4JjRTzs4QY/gWG62XCzLa8=
114,64,MYjfNYtIiaiKymJckxl6VttaYic=,jUTVk4JjRTzs4QY/gWG62XCzLa8=
115,70,MYjfNYtIiaiKymJckxl6VttaYic=,obZlFy2+gMX86EdaZfHBzLDgV3A=
112,67,MYjfNYtIiaiKymJckxl6VttaYic=,jUTVk4JjRTzs4QY/gWG62XCzLa8=
113,70,MYjfNYtIiaiKymJckxl6VttaYic=,obZlFy2+gMX86EdaZfHBzLDgV3A=
113,67,MYjfNYtIiaiKymJckxl6VttaYic=,jUTVk4JjRTzs4QY/gWG62XCzLa8=
112,69,MYjfNYtIiaiKymJckxl6VttaYic=,obZlFy2+gMX86EdaZfHBzLDgV3A=
113,68,MYjfNYtIiaiKymJckxl6VttaYic=,obZlFy2+gMX86EdaZfHBzLDgV3A=
114,70,MYjfNYtIiaiKymJckxl6VttaYic=,obZlFy2+gMX86EdaZfHBzLDgV3A=
115,69,MYjfNYtIiaiKymJckxl6VttaYic=,obZlFy2+gMX86EdaZfHBzLDgV3A=
113,69,MYjfNYtIiaiKymJckxl6VttaYic=,obZlFy2+gMX86EdaZfHBzLDgV3A=
114,67,MYjfNYtIiaiKymJckxl6VttaYic=,jUTVk4JjRTzs4QY/gWG62XCzLa8=
115,68,MYjfNYtIiaiKymJckxl6VttaYic=,obZlFy2+gMX86EdaZfHBzLDgV3A=
115,67,MYjfNYtIiaiKymJckxl6VttaYic=,jUTVk4JjRTzs4QY/gWG62XCzLa8=
114,69,MYjfNYtIiaiKymJckxl6VttaYic=,obZlFy2+gMX86EdaZfHBzLDgV3A=
114,68,MYjfNYtIiaiKymJckxl6VttaYic=,obZlFy2+gMX86EdaZfHBzLDgV3A=
112,70,MYjfNYtIiaiKymJckxl6VttaYic=,obZlFy2+gMX86EdaZfHBzLDgV3A=
112,68,MYjfNYtIiaiKymJckxl6VttaYic=,obZlFy2+gMX86EdaZfHBzLDgV3A=
115,72,MYjfNYtIiaiKymJckxl6VttaYic=,PB2wul/TK48OO40CzxB/UAWktuQ=
115,75,MYjfNYtIiaiKymJckxl6VttaYic=,PB2wul/TK48OO40CzxB/UAWktuQ=
114,72,MYjfNYtIiaiKymJckxl6VttaYic=,PB2wul/TK48OO40CzxB/UAWktuQ=
115,71,MYjfNYtIiaiKymJckxl6VttaYic=,obZlFy2+gMX86EdaZfHBzLDgV3A=
114,74,MYjfNYtIiaiKymJckxl6VttaYic=,PB2wul/TK48OO40CzxB/UAWktuQ=
115,74,MYjfNYtIiaiKymJckxl6VttaYic=,PB2wul/TK48OO40CzxB/UAWktuQ=
113,74,MYjfNYtIiaiKymJckxl6VttaYic=,PB2wul/TK48OO40CzxB/UAWktuQ=
112,74,MYjfNYtIiaiKymJckxl6VttaYic=,PB2wul/TK48OO40CzxB/UAWktuQ=
114,73,MYjfNYtIiaiKymJckxl6VttaYic=,PB2wul/TK48OO40CzxB/UAWktuQ=
115,73,MYjfNYtIiaiKymJckxl6VttaYic=,PB2wul/TK48OO40CzxB/UAWktuQ=
113,75,MYjfNYtIiaiKymJckxl6VttaYic=,PB2wul/TK48OO40CzxB/UAWktuQ=
114,71,MYjfNYtIiaiKymJckxl6VttaYic=,obZlFy2+gMX86EdaZfHBzLDgV3A=
114,75,MYjfNYtIiaiKymJckxl6VttaYic=,PB2wul/TK48OO40CzxB/UAWktuQ=
112,75,MYjfNYtIiaiKymJckxl6VttaYic=,PB2wul/TK48OO40CzxB/UAWktuQ=
113,71,MYjfNYtIiaiKymJckxl6VttaYic=,obZlFy2+gMX86EdaZfHBzLDgV3A=
113,72,MYjfNYtIiaiKymJckxl6VttaYic=,PB2wul/TK48OO40CzxB/UAWktuQ=
112,73,MYjfNYtIiaiKymJckxl6VttaYic=,PB2wul/TK48OO40CzxB/UAWktuQ=
112,71,MYjfNYtIiaiKymJckxl6VttaYic=,obZlFy2+gMX86EdaZfHBzLDgV3A=
113,73,MYjfNYtIiaiKymJckxl6VttaYic=,PB2wul/TK48OO40CzxB/UAWktuQ=
112,72,MYjfNYtIiaiKymJckxl6VttaYic=,PB2wul/TK48OO40CzxB/UAWktuQ=
115,64,MYjfNYtIiaiKymJckxl6VttaYic=,jUTVk4JjRTzs4QY/gWG62XCzLa8=
112,64,MYjfNYtIiaiKymJckxl6VttaYic=,jUTVk4JjRTzs4QY/gWG62XCzLa8=
