-15,57,1+49ASynPf24rAkOB7tbxenJHWI=,7JnTLXexepqyfdC7oOQn0s2kejo=
-10,62,1+49ASynPf24rAkOB7tbxenJHWI=,7JnTLXexepqyfdC7oOQn0s2kejo=
-11,62,1+49ASynPf24rAkOB7tbxenJHWI=,7JnTLXexepqyfdC7oOQn0s2kejo=
-12,62,1+49ASynPf24rAkOB7tbxenJHWI=,7JnTLXexepqyfdC7oOQn0s2kejo=
-13,62,1+49ASynPf24rAkOB7tbxenJHWI=,7JnTLXexepqyfdC7oOQn0s2kejo=
-14,62,1+49ASynPf24rAkOB7tbxenJHWI=,7JnTLXexepqyfdC7oOQn0s2kejo=
-15,62,1+49ASynPf24rAkOB7tbxenJHWI=,7JnTLXexepqyfdC7oOQn0s2kejo=
-10,61,1+49ASynPf24rAkOB7tbxenJHWI=,7JnTLXexepqyfdC7oOQn0s2kejo=
-12,61,1+49ASynPf24rAkOB7tbxenJHWI=,7JnTLXexepqyfdC7oOQn0s2kejo=
-11,61,1+49ASynPf24rAkOB7tbxenJHWI=,7JnTLXexepqyfdC7oOQn0s2kejo=
-13,61,1+49ASynPf24rAkOB7tbxenJHWI=,7JnTLXexepqyfdC7oOQn0s2kejo=
-14,61,1+49ASynPf24rAkOB7tbxenJHWI=,7JnTLXexepqyfdC7oOQn0s2kejo=
-15,61,1+49ASynPf24rAkOB7tbxenJHWI=,7JnTLXexepqyfdC7oOQn0s2kejo=
-10,60,1+49ASynPf24rAkOB7tbxenJHWI=,7JnTLXexepqyfdC7oOQn0s2kejo=
-12,60,1+49ASynPf24rAkOB7tbxenJHWI=,7JnTLXexepqyfdC7oOQn0s2kejo=
-11,60,1+49ASynPf24rAkOB7tbxenJHWI=,7JnTLXexepqyfdC7oOQn0s2kejo=
-13,60,1+49ASynPf24rAkOB7tbxenJHWI=,7JnTLXexepqyfdC7oOQn0s2kejo=
-15,60,1+49ASynPf24rAkOB7tbxenJHWI=,7JnTLXexepqyfdC7oOQn0s2kejo=
-14,60,1+49ASynPf24rAkOB7tbxenJHWI=,7JnTLXexepqyfdC7oOQn0s2kejo=
-10,59,1+49ASynPf24rAkOB7tbxenJHWI=,7JnTLXexepqyfdC7oOQn0s2kejo=
-11,59,1+49ASynPf24rAkOB7tbxenJHWI=,7JnTLXexepqyfdC7oOQn0s2kejo=
-12,59,1+49ASynPf24rAkOB7tbxenJHWI=,7JnTLXexepqyfdC7oOQn0s2kejo=
-13,59,1+49ASynPf24rAkOB7tbxenJHWI=,7JnTLXexepqyfdC7oOQn0s2kejo=
-14,59,1+49ASynPf24rAkOB7tbxenJHWI=,7JnTLXexepqyfdC7oOQn0s2kejo=
-15,59,1+49ASynPf24rAkOB7tbxenJHWI=,7JnTLXexepqyfdC7oOQn0s2kejo=
-10,58,1+49ASynPf24rAkOB7tbxenJHWI=,7JnTLXexepqyfdC7oOQn0s2kejo=
-12,58,1+49ASynPf24rAkOB7tbxenJHWI=,7JnTLXexepqyfdC7oOQn0s2kejo=
-11,58,1+49ASynPf24rAkOB7tbxenJHWI=,7JnTLXexepqyfdC7oOQn0s2kejo=
-13,58,1+49ASynPf24rAkOB7tbxenJHWI=,7JnTLXexepqyfdC7oOQn0s2kejo=
-14,58,1+49ASynPf24rAkOB7tbxenJHWI=,7JnTLXexepqyfdC7oOQn0s2kejo=
-10,57,1+49ASynPf24rAkOB7tbxenJHWI=,7JnTLXexepqyfdC7oOQn0s2kejo=
-15,58,1+49ASynPf24rAkOB7tbxenJHWI=,7JnTLXexepqyfdC7oOQn0s2kejo=
-12,57,1+49ASynPf24rAkOB7tbxenJHWI=,7JnTLXexepqyfdC7oOQn0s2kejo=
-11,57,1+49ASynPf24rAkOB7tbxenJHWI=,7JnTLXexepqyfdC7oOQn0s2kejo=
-13,57,1+49ASynPf24rAkOB7tbxenJHWI=,7JnTLXexepqyfdC7oOQn0s2kejo=
-14,57,1+49ASynPf24rAkOB7tbxenJHWI=,7JnTLXexepqyfdC7oOQn0s2kejo=
-13,51,1+49ASynPf24rAkOB7tbxenJHWI=,x8aDuiVwkRMt2t/slQ8ULzbGFGs=
-14,51,1+49ASynPf24rAkOB7tbxenJHWI=,x8aDuiVwkRMt2t/slQ8ULzbGFGs=
-10,55,1+49ASynPf24rAkOB7tbxenJHWI=,x8aDuiVwkRMt2t/slQ8ULzbGFGs=
-15,51,1+49ASynPf24rAkOB7tbxenJHWI=,x8aDuiVwkRMt2t/slQ8ULzbGFGs=
-11,55,1+49ASynPf24rAkOB7tbxenJHWI=,x8aDuiVwkRMt2t/slQ8ULzbGFGs=
-12,50,1+49ASynPf24rAkOB7tbxenJHWI=,x8aDuiVwkRMt2t/slQ8ULzbGFGs=
-12,55,1+49ASynPf24rAkOB7tbxenJHWI=,x8aDuiVwkRMt2t/slQ8ULzbGFGs=
-13,55,1+49ASynPf24rAkOB7tbxenJHWI=,x8aDuiVwkRMt2t/slQ8ULzbGFGs=
-14,55,1+49ASynPf24rAkOB7tbxenJHWI=,x8aDuiVwkRMt2t/slQ8ULzbGFGs=
-13,50,1+49ASynPf24rAkOB7tbxenJHWI=,x8aDuiVwkRMt2t/slQ8ULzbGFGs=
-15,55,1+49ASynPf24rAkOB7tbxenJHWI=,x8aDuiVwkRMt2t/slQ8ULzbGFGs=
-10,54,1+49ASynPf24rAkOB7tbxenJHWI=,x8aDuiVwkRMt2t/slQ8ULzbGFGs=
-11,54,1+49ASynPf24rAkOB7tbxenJHWI=,x8aDuiVwkRMt2t/slQ8ULzbGFGs=
-12,54,1+49ASynPf24rAkOB7tbxenJHWI=,x8aDuiVwkRMt2t/slQ8ULzbGFGs=
-13,54,1+49ASynPf24rAkOB7tbxenJHWI=,x8aDuiVwkRMt2t/slQ8ULzbGFGs=
-14,54,1+49ASynPf24rAkOB7tbxenJHWI=,x8aDuiVwkRMt2t/slQ8ULzbGFGs=
-15,49,1+49ASynPf24rAkOB7tbxenJHWI=,x8aDuiVwkRMt2t/slQ8ULzbGFGs=
-15,54,1+49ASynPf24rAkOB7tbxenJHWI=,x8aDuiVwkRMt2t/slQ8ULzbGFGs=
-10,53,1+49ASynPf24rAkOB7tbxenJHWI=,x8aDuiVwkRMt2t/slQ8ULzbGFGs=
-11,53,1+49ASynPf24rAkOB7tbxenJHWI=,x8aDuiVwkRMt2t/slQ8ULzbGFGs=
-10,49,1+49ASynPf24rAkOB7tbxenJHWI=,x8aDuiVwkRMt2t/slQ8ULzbGFGs=
-12,53,1+49ASynPf24rAkOB7tbxenJHWI=,x8aDuiVwkRMt2t/slQ8ULzbGFGs=
-13,53,1+49ASynPf24rAkOB7tbxenJHWI=,x8aDuiVwkRMt2t/slQ8ULzbGFGs=
-14,53,1+49ASynPf24rAkOB7tbxenJHWI=,x8aDuiVwkRMt2t/slQ8ULzbGFGs=
-15,53,1+49ASynPf24rAkOB7tbxenJHWI=,x8aDuiVwkRMt2t/slQ8ULzbGFGs=
-15,50,1+49ASynPf24rAkOB7tbxenJHWI=,x8aDuiVwkRMt2t/slQ8ULzbGFGs=
-14,50,1+49ASynPf24rAkOB7tbxenJHWI=,x8aDuiVwkRMt2t/slQ8ULzbGFGs=
-10,50,1+49ASynPf24rAkOB7tbxenJHWI=,x8aDuiVwkRMt2t/slQ8ULzbGFGs=
-14,49,1+49ASynPf24rAkOB7tbxenJHWI=,x8aDuiVwkRMt2t/slQ8ULzbGFGs=
-10,52,1+49ASynPf24rAkOB7tbxenJHWI=,x8aDuiVwkRMt2t/slQ8ULzbGFGs=
-15,56,1+49ASynPf24rAkOB7tbxenJHWI=,7JnTLXexepqyfdC7oOQn0s2kejo=
-11,52,1+49ASynPf24rAkOB7tbxenJHWI=,x8aDuiVwkRMt2t/slQ8ULzbGFGs=
-14,56,1+49ASynPf24rAkOB7tbxenJHWI=,7JnTLXexepqyfdC7oOQn0s2kejo=
-13,56,1+49ASynPf24rAkOB7tbxenJHWI=,7JnTLXexepqyfdC7oOQn0s2kejo=
-12,52,1+49ASynPf24rAkOB7tbxenJHWI=,x8aDuiVwkRMt2t/slQ8ULzbGFGs=
-12,51,1+49ASynPf24rAkOB7tbxenJHWI=,x8aDuiVwkRMt2t/slQ8ULzbGFGs=
-13,52,1+49ASynPf24rAkOB7tbxenJHWI=,x8aDuiVwkRMt2t/slQ8ULzbGFGs=
-14,52,1+49ASynPf24rAkOB7tbxenJHWI=,x8aDuiVwkRMt2t/slQ8ULzbGFGs=
-11,51,1+49ASynPf24rAkOB7tbxenJHWI=,x8aDuiVwkRMt2t/slQ8ULzbGFGs=
-10,51,1+49ASynPf24rAkOB7tbxenJHWI=,x8aDuiVwkRMt2t/slQ8ULzbGFGs=
-12,56,1+49ASynPf24rAkOB7tbxenJHWI=,7JnTLXexepqyfdC7oOQn0s2kejo=
-12,49,1+49ASynPf24rAkOB7tbxenJHWI=,x8aDuiVwkRMt2t/slQ8ULzbGFGs=
-13,49,1+49ASynPf24rAkOB7tbxenJHWI=,x8aDuiVwkRMt2t/slQ8ULzbGFGs=
-10,56,1+49ASynPf24rAkOB7tbxenJHWI=,7JnTLXexepqyfdC7oOQn0s2kejo=
-11,56,1+49ASynPf24rAkOB7tbxenJHWI=,7JnTLXexepqyfdC7oOQn0s2kejo=
-15,52,1+49ASynPf24rAkOB7tbxenJHWI=,x8aDuiVwkRMt2t/slQ8ULzbGFGs=
-11,50,1+49ASynPf24rAkOB7tbxenJHWI=,x8aDuiVwkRMt2t/slQ8ULzbGFGs=
-11,49,1+49ASynPf24rAkOB7tbxenJHWI=,x8aDuiVwkRMt2t/slQ8ULzbGFGs=
-12,63,1+49ASynPf24rAkOB7tbxenJHWI=,7JnTLXexepqyfdC7oOQn0s2kejo=
-13,63,1+49ASynPf24rAkOB7tbxenJHWI=,7JnTLXexepqyfdC7oOQn0s2kejo=
-14,63,1+49ASynPf24rAkOB7tbxenJHWI=,7JnTLXexepqyfdC7oOQn0s2kejo=
-15,63,1+49ASynPf24rAkOB7tbxenJHWI=,7JnTLXexepqyfdC7oOQn0s2kejo=
-10,63,1+49ASynPf24rAkOB7tbxenJHWI=,7JnTLXexepqyfdC7oOQn0s2kejo=
-11,63,1+49ASynPf24rAkOB7tbxenJHWI=,7JnTLXexepqyfdC7oOQn0s2kejo=
-13,48,1+49ASynPf24rAkOB7tbxenJHWI=,x8aDuiVwkRMt2t/slQ8ULzbGFGs=
-15,48,1+49ASynPf24rAkOB7tbxenJHWI=,x8aDuiVwkRMt2t/slQ8ULzbGFGs=
-14,48,1+49ASynPf24rAkOB7tbxenJHWI=,x8aDuiVwkRMt2t/slQ8ULzbGFGs=
-10,48,1+49ASynPf24rAkOB7tbxenJHWI=,x8aDuiVwkRMt2t/slQ8ULzbGFGs=
-12,48,1+49ASynPf24rAkOB7tbxenJHWI=,x8aDuiVwkRMt2t/slQ8ULzbGFGs=
-11,48,1+49ASynPf24rAkOB7tbxenJHWI=,x8aDuiVwkRMt2t/slQ8ULzbGFGs=
-16,51,1+49ASynPf24rAkOB7tbxenJHWI=,x8aDuiVwkRMt2t/slQ8ULzbGFGs=
-16,52,1+49ASynPf24rAkOB7tbxenJHWI=,x8aDuiVwkRMt2t/slQ8ULzbGFGs=
-16,50,1+49ASynPf24rAkOB7tbxenJHWI=,x8aDuiVwkRMt2t/slQ8ULzbGFGs=
-16,53,1+49ASynPf24rAkOB7tbxenJHWI=,x8aDuiVwkRMt2t/slQ8ULzbGFGs=
-16,49,1+49ASynPf24rAkOB7tbxenJHWI=,x8aDuiVwkRMt2t/slQ8ULzbGFGs=
-16,54,1+49ASynPf24rAkOB7tbxenJHWI=,x8aDuiVwkRMt2t/slQ8ULzbGFGs=
-16,56,1+49ASynPf24rAkOB7tbxenJHWI=,7JnTLXexepqyfdC7oOQn0s2kejo=
-16,63,1+49ASynPf24rAkOB7tbxenJHWI=,7JnTLXexepqyfdC7oOQn0s2kejo=
-16,55,1+49ASynPf24rAkOB7tbxenJHWI=,x8aDuiVwkRMt2t/slQ8ULzbGFGs=
-16,62,1+49ASynPf24rAkOB7tbxenJHWI=,7JnTLXexepqyfdC7oOQn0s2kejo=
-16,61,1+49ASynPf24rAkOB7tbxenJHWI=,7JnTLXexepqyfdC7oOQn0s2kejo=
-16,60,1+49ASynPf24rAkOB7tbxenJHWI=,7JnTLXexepqyfdC7oOQn0s2kejo=
-16,58,1+49ASynPf24rAkOB7tbxenJHWI=,7JnTLXexepqyfdC7oOQn0s2kejo=
-16,59,1+49ASynPf24rAkOB7tbxenJHWI=,7JnTLXexepqyfdC7oOQn0s2kejo=
-16,57,1+49ASynPf24rAkOB7tbxenJHWI=,7JnTLXexepqyfdC7oOQn0s2kejo=
-16,48,1+49ASynPf24rAkOB7tbxenJHWI=,x8aDuiVwkRMt2t/slQ8ULzbGFGs=
-8,61,1+49ASynPf24rAkOB7tbxenJHWI=,y8wiHoEui+jQpVuMgT+WjB3ztJs=
-7,61,1+49ASynPf24rAkOB7tbxenJHWI=,y8wiHoEui+jQpVuMgT+WjB3ztJs=
-5,61,1+49ASynPf24rAkOB7tbxenJHWI=,y8wiHoEui+jQpVuMgT+WjB3ztJs=
-6,61,1+49ASynPf24rAkOB7tbxenJHWI=,y8wiHoEui+jQpVuMgT+WjB3ztJs=
-8,60,1+49ASynPf24rAkOB7tbxenJHWI=,y8wiHoEui+jQpVuMgT+WjB3ztJs=
-2,60,1+49ASynPf24rAkOB7tbxenJHWI=,y8wiHoEui+jQpVuMgT+WjB3ztJs=
-7,60,1+49ASynPf24rAkOB7tbxenJHWI=,y8wiHoEui+jQpVuMgT+WjB3ztJs=
-9,62,1+49ASynPf24rAkOB7tbxenJHWI=,7JnTLXexepqyfdC7oOQn0s2kejo=
-5,60,1+49ASynPf24rAkOB7tbxenJHWI=,y8wiHoEui+jQpVuMgT+WjB3ztJs=
-3,60,1+49ASynPf24rAkOB7tbxenJHWI=,y8wiHoEui+jQpVuMgT+WjB3ztJs=
-1,60,1+49ASynPf24rAkOB7tbxenJHWI=,y8wiHoEui+jQpVuMgT+WjB3ztJs=
-4,61,1+49ASynPf24rAkOB7tbxenJHWI=,y8wiHoEui+jQpVuMgT+WjB3ztJs=
-6,60,1+49ASynPf24rAkOB7tbxenJHWI=,y8wiHoEui+jQpVuMgT+WjB3ztJs=
-7,59,1+49ASynPf24rAkOB7tbxenJHWI=,y8wiHoEui+jQpVuMgT+WjB3ztJs=
-8,59,1+49ASynPf24rAkOB7tbxenJHWI=,y8wiHoEui+jQpVuMgT+WjB3ztJs=
-4,60,1+49ASynPf24rAkOB7tbxenJHWI=,y8wiHoEui+jQpVuMgT+WjB3ztJs=
-6,59,1+49ASynPf24rAkOB7tbxenJHWI=,y8wiHoEui+jQpVuMgT+WjB3ztJs=
-3,59,1+49ASynPf24rAkOB7tbxenJHWI=,y8wiHoEui+jQpVuMgT+WjB3ztJs=
-9,61,1+49ASynPf24rAkOB7tbxenJHWI=,7JnTLXexepqyfdC7oOQn0s2kejo=
-7,58,1+49ASynPf24rAkOB7tbxenJHWI=,y8wiHoEui+jQpVuMgT+WjB3ztJs=
-4,59,1+49ASynPf24rAkOB7tbxenJHWI=,y8wiHoEui+jQpVuMgT+WjB3ztJs=
-5,59,1+49ASynPf24rAkOB7tbxenJHWI=,y8wiHoEui+jQpVuMgT+WjB3ztJs=
-2,59,1+49ASynPf24rAkOB7tbxenJHWI=,y8wiHoEui+jQpVuMgT+WjB3ztJs=
-8,58,1+49ASynPf24rAkOB7tbxenJHWI=,y8wiHoEui+jQpVuMgT+WjB3ztJs=
-1,59,1+49ASynPf24rAkOB7tbxenJHWI=,y8wiHoEui+jQpVuMgT+WjB3ztJs=
-9,60,1+49ASynPf24rAkOB7tbxenJHWI=,7JnTLXexepqyfdC7oOQn0s2kejo=
-9,59,1+49ASynPf24rAkOB7tbxenJHWI=,7JnTLXexepqyfdC7oOQn0s2kejo=
-9,58,1+49ASynPf24rAkOB7tbxenJHWI=,7JnTLXexepqyfdC7oOQn0s2kejo=
-6,58,1+49ASynPf24rAkOB7tbxenJHWI=,y8wiHoEui+jQpVuMgT+WjB3ztJs=
-3,58,1+49ASynPf24rAkOB7tbxenJHWI=,y8wiHoEui+jQpVuMgT+WjB3ztJs=
-2,58,1+49ASynPf24rAkOB7tbxenJHWI=,y8wiHoEui+jQpVuMgT+WjB3ztJs=
-5,58,1+49ASynPf24rAkOB7tbxenJHWI=,y8wiHoEui+jQpVuMgT+WjB3ztJs=
-4,58,1+49ASynPf24rAkOB7tbxenJHWI=,y8wiHoEui+jQpVuMgT+WjB3ztJs=
-9,57,1+49ASynPf24rAkOB7tbxenJHWI=,7JnTLXexepqyfdC7oOQn0s2kejo=
-1,58,1+49ASynPf24rAkOB7tbxenJHWI=,y8wiHoEui+jQpVuMgT+WjB3ztJs=
-3,61,1+49ASynPf24rAkOB7tbxenJHWI=,y8wiHoEui+jQpVuMgT+WjB3ztJs=
-7,57,1+49ASynPf24rAkOB7tbxenJHWI=,y8wiHoEui+jQpVuMgT+WjB3ztJs=
-8,57,1+49ASynPf24rAkOB7tbxenJHWI=,y8wiHoEui+jQpVuMgT+WjB3ztJs=
-1,57,1+49ASynPf24rAkOB7tbxenJHWI=,y8wiHoEui+jQpVuMgT+WjB3ztJs=
-3,57,1+49ASynPf24rAkOB7tbxenJHWI=,y8wiHoEui+jQpVuMgT+WjB3ztJs=
-8,63,1+49ASynPf24rAkOB7tbxenJHWI=,y8wiHoEui+jQpVuMgT+WjB3ztJs=
-6,57,1+49ASynPf24rAkOB7tbxenJHWI=,y8wiHoEui+jQpVuMgT+WjB3ztJs=
-2,57,1+49ASynPf24rAkOB7tbxenJHWI=,y8wiHoEui+jQpVuMgT+WjB3ztJs=
-5,57,1+49ASynPf24rAkOB7tbxenJHWI=,y8wiHoEui+jQpVuMgT+WjB3ztJs=
-7,63,1+49ASynPf24rAkOB7tbxenJHWI=,y8wiHoEui+jQpVuMgT+WjB3ztJs=
-4,57,1+49ASynPf24rAkOB7tbxenJHWI=,y8wiHoEui+jQpVuMgT+WjB3ztJs=
-6,63,1+49ASynPf24rAkOB7tbxenJHWI=,y8wiHoEui+jQpVuMgT+WjB3ztJs=
-7,62,1+49ASynPf24rAkOB7tbxenJHWI=,y8wiHoEui+jQpVuMgT+WjB3ztJs=
-1,63,1+49ASynPf24rAkOB7tbxenJHWI=,y8wiHoEui+jQpVuMgT+WjB3ztJs=
-8,62,1+49ASynPf24rAkOB7tbxenJHWI=,y8wiHoEui+jQpVuMgT+WjB3ztJs=
-9,63,1+49ASynPf24rAkOB7tbxenJHWI=,7JnTLXexepqyfdC7oOQn0s2kejo=
-2,63,1+49ASynPf24rAkOB7tbxenJHWI=,y8wiHoEui+jQpVuMgT+WjB3ztJs=
-4,63,1+49ASynPf24rAkOB7tbxenJHWI=,y8wiHoEui+jQpVuMgT+WjB3ztJs=
-3,63,1+49ASynPf24rAkOB7tbxenJHWI=,y8wiHoEui+jQpVuMgT+WjB3ztJs=
-5,63,1+49ASynPf24rAkOB7tbxenJHWI=,y8wiHoEui+jQpVuMgT+WjB3ztJs=
-6,62,1+49ASynPf24rAkOB7tbxenJHWI=,y8wiHoEui+jQpVuMgT+WjB3ztJs=
-2,61,1+49ASynPf24rAkOB7tbxenJHWI=,y8wiHoEui+jQpVuMgT+WjB3ztJs=
-5,62,1+49ASynPf24rAkOB7tbxenJHWI=,y8wiHoEui+jQpVuMgT+WjB3ztJs=
-2,62,1+49ASynPf24rAkOB7tbxenJHWI=,y8wiHoEui+jQpVuMgT+WjB3ztJs=
-4,62,1+49ASynPf24rAkOB7tbxenJHWI=,y8wiHoEui+jQpVuMgT+WjB3ztJs=
-3,62,1+49ASynPf24rAkOB7tbxenJHWI=,y8wiHoEui+jQpVuMgT+WjB3ztJs=
-1,62,1+49ASynPf24rAkOB7tbxenJHWI=,y8wiHoEui+jQpVuMgT+WjB3ztJs=
-1,61,1+49ASynPf24rAkOB7tbxenJHWI=,y8wiHoEui+jQpVuMgT+WjB3ztJs=
-9,55,1+49ASynPf24rAkOB7tbxenJHWI=,x8aDuiVwkRMt2t/slQ8ULzbGFGs=
-4,55,1+49ASynPf24rAkOB7tbxenJHWI=,YHO+s9F6esVfgv6ksD6hlK1iRPM=
-3,55,1+49ASynPf24rAkOB7tbxenJHWI=,YHO+s9F6esVfgv6ksD6hlK1iRPM=
-2,50,1+49ASynPf24rAkOB7tbxenJHWI=,YHO+s9F6esVfgv6ksD6hlK1iRPM=
-4,51,1+49ASynPf24rAkOB7tbxenJHWI=,YHO+s9F6esVfgv6ksD6hlK1iRPM=
-6,51,1+49ASynPf24rAkOB7tbxenJHWI=,YHO+s9F6esVfgv6ksD6hlK1iRPM=
-1,50,1+49ASynPf24rAkOB7tbxenJHWI=,YHO+s9F6esVfgv6ksD6hlK1iRPM=
-8,55,1+49ASynPf24rAkOB7tbxenJHWI=,YHO+s9F6esVfgv6ksD6hlK1iRPM=
-2,55,1+49ASynPf24rAkOB7tbxenJHWI=,YHO+s9F6esVfgv6ksD6hlK1iRPM=
-7,51,1+49ASynPf24rAkOB7tbxenJHWI=,YHO+s9F6esVfgv6ksD6hlK1iRPM=
-7,55,1+49ASynPf24rAkOB7tbxenJHWI=,YHO+s9F6esVfgv6ksD6hlK1iRPM=
-3,50,1+49ASynPf24rAkOB7tbxenJHWI=,YHO+s9F6esVfgv6ksD6hlK1iRPM=
-5,51,1+49ASynPf24rAkOB7tbxenJHWI=,YHO+s9F6esVfgv6ksD6hlK1iRPM=
-5,55,1+49ASynPf24rAkOB7tbxenJHWI=,YHO+s9F6esVfgv6ksD6hlK1iRPM=
-9,54,1+49ASynPf24rAkOB7tbxenJHWI=,x8aDuiVwkRMt2t/slQ8ULzbGFGs=
-9,49,1+49ASynPf24rAkOB7tbxenJHWI=,x8aDuiVwkRMt2t/slQ8ULzbGFGs=
-1,55,1+49ASynPf24rAkOB7tbxenJHWI=,YHO+s9F6esVfgv6ksD6hlK1iRPM=
-3,51,1+49ASynPf24rAkOB7tbxenJHWI=,YHO+s9F6esVfgv6ksD6hlK1iRPM=
-6,55,1+49ASynPf24rAkOB7tbxenJHWI=,YHO+s9F6esVfgv6ksD6hlK1iRPM=
-4,50,1+49ASynPf24rAkOB7tbxenJHWI=,YHO+s9F6esVfgv6ksD6hlK1iRPM=
-8,51,1+49ASynPf24rAkOB7tbxenJHWI=,YHO+s9F6esVfgv6ksD6hlK1iRPM=
-2,51,1+49ASynPf24rAkOB7tbxenJHWI=,YHO+s9F6esVfgv6ksD6hlK1iRPM=
-5,50,1+49ASynPf24rAkOB7tbxenJHWI=,YHO+s9F6esVfgv6ksD6hlK1iRPM=
-6,50,1+49ASynPf24rAkOB7tbxenJHWI=,YHO+s9F6esVfgv6ksD6hlK1iRPM=
-4,54,1+49ASynPf24rAkOB7tbxenJHWI=,YHO+s9F6esVfgv6ksD6hlK1iRPM=
-8,50,1+49ASynPf24rAkOB7tbxenJHWI=,YHO+s9F6esVfgv6ksD6hlK1iRPM=
-7,50,1+49ASynPf24rAkOB7tbxenJHWI=,YHO+s9F6esVfgv6ksD6hlK1iRPM=
-8,54,1+49ASynPf24rAkOB7tbxenJHWI=,YHO+s9F6esVfgv6ksD6hlK1iRPM=
-9,50,1+49ASynPf24rAkOB7tbxenJHWI=,x8aDuiVwkRMt2t/slQ8ULzbGFGs=
-1,49,1+49ASynPf24rAkOB7tbxenJHWI=,YHO+s9F6esVfgv6ksD6hlK1iRPM=
-2,49,1+49ASynPf24rAkOB7tbxenJHWI=,YHO+s9F6esVfgv6ksD6hlK1iRPM=
-1,54,1+49ASynPf24rAkOB7tbxenJHWI=,YHO+s9F6esVfgv6ksD6hlK1iRPM=
-8,56,1+49ASynPf24rAkOB7tbxenJHWI=,y8wiHoEui+jQpVuMgT+WjB3ztJs=
-3,54,1+49ASynPf24rAkOB7tbxenJHWI=,YHO+s9F6esVfgv6ksD6hlK1iRPM=
-2,54,1+49ASynPf24rAkOB7tbxenJHWI=,YHO+s9F6esVfgv6ksD6hlK1iRPM=
-5,54,1+49ASynPf24rAkOB7tbxenJHWI=,YHO+s9F6esVfgv6ksD6hlK1iRPM=
-3,49,1+49ASynPf24rAkOB7tbxenJHWI=,YHO+s9F6esVfgv6ksD6hlK1iRPM=
-7,54,1+49ASynPf24rAkOB7tbxenJHWI=,YHO+s9F6esVfgv6ksD6hlK1iRPM=
-7,56,1+49ASynPf24rAkOB7tbxenJHWI=,y8wiHoEui+jQpVuMgT+WjB3ztJs=
-8,53,1+49ASynPf24rAkOB7tbxenJHWI=,YHO+s9F6esVfgv6ksD6hlK1iRPM=
-9,51,1+49ASynPf24rAkOB7tbxenJHWI=,x8aDuiVwkRMt2t/slQ8ULzbGFGs=
-6,54,1+49ASynPf24rAkOB7tbxenJHWI=,YHO+s9F6esVfgv6ksD6hlK1iRPM=
-4,53,1+49ASynPf24rAkOB7tbxenJHWI=,YHO+s9F6esVfgv6ksD6hlK1iRPM=
-3,53,1+49ASynPf24rAkOB7tbxenJHWI=,YHO+s9F6esVfgv6ksD6hlK1iRPM=
-6,53,1+49ASynPf24rAkOB7tbxenJHWI=,YHO+s9F6esVfgv6ksD6hlK1iRPM=
-3,48,1+49ASynPf24rAkOB7tbxenJHWI=,YHO+s9F6esVfgv6ksD6hlK1iRPM=
-2,53,1+49ASynPf24rAkOB7tbxenJHWI=,YHO+s9F6esVfgv6ksD6hlK1iRPM=
-7,53,1+49ASynPf24rAkOB7tbxenJHWI=,YHO+s9F6esVfgv6ksD6hlK1iRPM=
-1,53,1+49ASynPf24rAkOB7tbxenJHWI=,YHO+s9F6esVfgv6ksD6hlK1iRPM=
-4,49,1+49ASynPf24rAkOB7tbxenJHWI=,YHO+s9F6esVfgv6ksD6hlK1iRPM=
-5,53,1+49ASynPf24rAkOB7tbxenJHWI=,YHO+s9F6esVfgv6ksD6hlK1iRPM=
-1,52,1+49ASynPf24rAkOB7tbxenJHWI=,YHO+s9F6esVfgv6ksD6hlK1iRPM=
-9,53,1+49ASynPf24rAkOB7tbxenJHWI=,x8aDuiVwkRMt2t/slQ8ULzbGFGs=
-8,49,1+49ASynPf24rAkOB7tbxenJHWI=,YHO+s9F6esVfgv6ksD6hlK1iRPM=
-5,49,1+49ASynPf24rAkOB7tbxenJHWI=,YHO+s9F6esVfgv6ksD6hlK1iRPM=
-6,56,1+49ASynPf24rAkOB7tbxenJHWI=,y8wiHoEui+jQpVuMgT+WjB3ztJs=
-6,49,1+49ASynPf24rAkOB7tbxenJHWI=,YHO+s9F6esVfgv6ksD6hlK1iRPM=
-7,49,1+49ASynPf24rAkOB7tbxenJHWI=,YHO+s9F6esVfgv6ksD6hlK1iRPM=
-2,48,1+49ASynPf24rAkOB7tbxenJHWI=,YHO+s9F6esVfgv6ksD6hlK1iRPM=
-9,52,1+49ASynPf24rAkOB7tbxenJHWI=,x8aDuiVwkRMt2t/slQ8ULzbGFGs=
-1,48,1+49ASynPf24rAkOB7tbxenJHWI=,YHO+s9F6esVfgv6ksD6hlK1iRPM=
-4,52,1+49ASynPf24rAkOB7tbxenJHWI=,YHO+s9F6esVfgv6ksD6hlK1iRPM=
-3,52,1+49ASynPf24rAkOB7tbxenJHWI=,YHO+s9F6esVfgv6ksD6hlK1iRPM=
-5,56,1+49ASynPf24rAkOB7tbxenJHWI=,y8wiHoEui+jQpVuMgT+WjB3ztJs=
-2,52,1+49ASynPf24rAkOB7tbxenJHWI=,YHO+s9F6esVfgv6ksD6hlK1iRPM=
-4,48,1+49ASynPf24rAkOB7tbxenJHWI=,YHO+s9F6esVfgv6ksD6hlK1iRPM=
-7,48,1+49ASynPf24rAkOB7tbxenJHWI=,YHO+s9F6esVfgv6ksD6hlK1iRPM=
-9,56,1+49ASynPf24rAkOB7tbxenJHWI=,7JnTLXexepqyfdC7oOQn0s2kejo=
-5,48,1+49ASynPf24rAkOB7tbxenJHWI=,YHO+s9F6esVfgv6ksD6hlK1iRPM=
-6,52,1+49ASynPf24rAkOB7tbxenJHWI=,YHO+s9F6esVfgv6ksD6hlK1iRPM=
-5,52,1+49ASynPf24rAkOB7tbxenJHWI=,YHO+s9F6esVfgv6ksD6hlK1iRPM=
-6,48,1+49ASynPf24rAkOB7tbxenJHWI=,YHO+s9F6esVfgv6ksD6hlK1iRPM=
-1,51,1+49ASynPf24rAkOB7tbxenJHWI=,YHO+s9F6esVfgv6ksD6hlK1iRPM=
-8,52,1+49ASynPf24rAkOB7tbxenJHWI=,YHO+s9F6esVfgv6ksD6hlK1iRPM=
-2,56,1+49ASynPf24rAkOB7tbxenJHWI=,y8wiHoEui+jQpVuMgT+WjB3ztJs=
-8,48,1+49ASynPf24rAkOB7tbxenJHWI=,YHO+s9F6esVfgv6ksD6hlK1iRPM=
-1,56,1+49ASynPf24rAkOB7tbxenJHWI=,y8wiHoEui+jQpVuMgT+WjB3ztJs=
-9,48,1+49ASynPf24rAkOB7tbxenJHWI=,x8aDuiVwkRMt2t/slQ8ULzbGFGs=
-7,52,1+49ASynPf24rAkOB7tbxenJHWI=,YHO+s9F6esVfgv6ksD6hlK1iRPM=
-4,56,1+49ASynPf24rAkOB7tbxenJHWI=,y8wiHoEui+jQpVuMgT+WjB3ztJs=
-3,56,1+49ASynPf24rAkOB7tbxenJHWI=,y8wiHoEui+jQpVuMgT+WjB3ztJs=
-15,41,1+49ASynPf24rAkOB7tbxenJHWI=,tB3gE6roZKZQUUuUfzMflQEjuSk=
-11,46,1+49ASynPf24rAkOB7tbxenJHWI=,tB3gE6roZKZQUUuUfzMflQEjuSk=
-13,46,1+49ASynPf24rAkOB7tbxenJHWI=,tB3gE6roZKZQUUuUfzMflQEjuSk=
-14,46,1+49ASynPf24rAkOB7tbxenJHWI=,tB3gE6roZKZQUUuUfzMflQEjuSk=
-15,46,1+49ASynPf24rAkOB7tbxenJHWI=,tB3gE6roZKZQUUuUfzMflQEjuSk=
-12,46,1+49ASynPf24rAkOB7tbxenJHWI=,tB3gE6roZKZQUUuUfzMflQEjuSk=
-12,45,1+49ASynPf24rAkOB7tbxenJHWI=,tB3gE6roZKZQUUuUfzMflQEjuSk=
-13,45,1+49ASynPf24rAkOB7tbxenJHWI=,tB3gE6roZKZQUUuUfzMflQEjuSk=
-14,45,1+49ASynPf24rAkOB7tbxenJHWI=,tB3gE6roZKZQUUuUfzMflQEjuSk=
-15,45,1+49ASynPf24rAkOB7tbxenJHWI=,tB3gE6roZKZQUUuUfzMflQEjuSk=
-12,44,1+49ASynPf24rAkOB7tbxenJHWI=,tB3gE6roZKZQUUuUfzMflQEjuSk=
-11,45,1+49ASynPf24rAkOB7tbxenJHWI=,tB3gE6roZKZQUUuUfzMflQEjuSk=
-13,44,1+49ASynPf24rAkOB7tbxenJHWI=,tB3gE6roZKZQUUuUfzMflQEjuSk=
-14,44,1+49ASynPf24rAkOB7tbxenJHWI=,tB3gE6roZKZQUUuUfzMflQEjuSk=
-15,44,1+49ASynPf24rAkOB7tbxenJHWI=,tB3gE6roZKZQUUuUfzMflQEjuSk=
-10,46,1+49ASynPf24rAkOB7tbxenJHWI=,tB3gE6roZKZQUUuUfzMflQEjuSk=
-12,43,1+49ASynPf24rAkOB7tbxenJHWI=,tB3gE6roZKZQUUuUfzMflQEjuSk=
-13,43,1+49ASynPf24rAkOB7tbxenJHWI=,tB3gE6roZKZQUUuUfzMflQEjuSk=
-14,43,1+49ASynPf24rAkOB7tbxenJHWI=,tB3gE6roZKZQUUuUfzMflQEjuSk=
-15,43,1+49ASynPf24rAkOB7tbxenJHWI=,tB3gE6roZKZQUUuUfzMflQEjuSk=
-11,44,1+49ASynPf24rAkOB7tbxenJHWI=,tB3gE6roZKZQUUuUfzMflQEjuSk=
-14,42,1+49ASynPf24rAkOB7tbxenJHWI=,tB3gE6roZKZQUUuUfzMflQEjuSk=
-15,42,1+49ASynPf24rAkOB7tbxenJHWI=,tB3gE6roZKZQUUuUfzMflQEjuSk=
-10,44,1+49ASynPf24rAkOB7tbxenJHWI=,tB3gE6roZKZQUUuUfzMflQEjuSk=
-11,43,1+49ASynPf24rAkOB7tbxenJHWI=,tB3gE6roZKZQUUuUfzMflQEjuSk=
-13,42,1+49ASynPf24rAkOB7tbxenJHWI=,tB3gE6roZKZQUUuUfzMflQEjuSk=
-10,45,1+49ASynPf24rAkOB7tbxenJHWI=,tB3gE6roZKZQUUuUfzMflQEjuSk=
-10,43,1+49ASynPf24rAkOB7tbxenJHWI=,tB3gE6roZKZQUUuUfzMflQEjuSk=
-12,42,1+49ASynPf24rAkOB7tbxenJHWI=,tB3gE6roZKZQUUuUfzMflQEjuSk=
-10,42,1+49ASynPf24rAkOB7tbxenJHWI=,tB3gE6roZKZQUUuUfzMflQEjuSk=
-11,42,1+49ASynPf24rAkOB7tbxenJHWI=,tB3gE6roZKZQUUuUfzMflQEjuSk=
-11,41,1+49ASynPf24rAkOB7tbxenJHWI=,tB3gE6roZKZQUUuUfzMflQEjuSk=
-10,41,1+49ASynPf24rAkOB7tbxenJHWI=,tB3gE6roZKZQUUuUfzMflQEjuSk=
-12,41,1+49ASynPf24rAkOB7tbxenJHWI=,tB3gE6roZKZQUUuUfzMflQEjuSk=
-13,41,1+49ASynPf24rAkOB7tbxenJHWI=,tB3gE6roZKZQUUuUfzMflQEjuSk=
-14,41,1+49ASynPf24rAkOB7tbxenJHWI=,tB3gE6roZKZQUUuUfzMflQEjuSk=
-14,35,1+49ASynPf24rAkOB7tbxenJHWI=,yNnzs/5aLpHC/3mxCytPpHeF6/U=
-15,36,nXbD4C1DmkBzz9XrCgek32rGEt8=,yNnzs/5aLpHC/3mxCytPpHeF6/U=
-16,36,nXbD4C1DmkBzz9XrCgek32rGEt8=,yNnzs/5aLpHC/3mxCytPpHeF6/U=
-15,35,nXbD4C1DmkBzz9XrCgek32rGEt8=,yNnzs/5aLpHC/3mxCytPpHeF6/U=
-16,35,nXbD4C1DmkBzz9XrCgek32rGEt8=,yNnzs/5aLpHC/3mxCytPpHeF6/U=
-15,32,nXbD4C1DmkBzz9XrCgek32rGEt8=,yNnzs/5aLpHC/3mxCytPpHeF6/U=
-15,33,nXbD4C1DmkBzz9XrCgek32rGEt8=,yNnzs/5aLpHC/3mxCytPpHeF6/U=
-14,38,nXbD4C1DmkBzz9XrCgek32rGEt8=,yNnzs/5aLpHC/3mxCytPpHeF6/U=
-14,39,nXbD4C1DmkBzz9XrCgek32rGEt8=,yNnzs/5aLpHC/3mxCytPpHeF6/U=
-16,33,nXbD4C1DmkBzz9XrCgek32rGEt8=,yNnzs/5aLpHC/3mxCytPpHeF6/U=
-15,38,nXbD4C1DmkBzz9XrCgek32rGEt8=,yNnzs/5aLpHC/3mxCytPpHeF6/U=
-15,39,nXbD4C1DmkBzz9XrCgek32rGEt8=,yNnzs/5aLpHC/3mxCytPpHeF6/U=
-15,34,nXbD4C1DmkBzz9XrCgek32rGEt8=,yNnzs/5aLpHC/3mxCytPpHeF6/U=
-13,39,nXbD4C1DmkBzz9XrCgek32rGEt8=,yNnzs/5aLpHC/3mxCytPpHeF6/U=
-14,37,nXbD4C1DmkBzz9XrCgek32rGEt8=,yNnzs/5aLpHC/3mxCytPpHeF6/U=
-15,37,nXbD4C1DmkBzz9XrCgek32rGEt8=,yNnzs/5aLpHC/3mxCytPpHeF6/U=
-16,37,nXbD4C1DmkBzz9XrCgek32rGEt8=,yNnzs/5aLpHC/3mxCytPpHeF6/U=
-14,33,nXbD4C1DmkBzz9XrCgek32rGEt8=,yNnzs/5aLpHC/3mxCytPpHeF6/U=
-16,34,nXbD4C1DmkBzz9XrCgek32rGEt8=,yNnzs/5aLpHC/3mxCytPpHeF6/U=
-11,38,nXbD4C1DmkBzz9XrCgek32rGEt8=,yNnzs/5aLpHC/3mxCytPpHeF6/U=
-13,38,nXbD4C1DmkBzz9XrCgek32rGEt8=,yNnzs/5aLpHC/3mxCytPpHeF6/U=
-13,33,nXbD4C1DmkBzz9XrCgek32rGEt8=,yNnzs/5aLpHC/3mxCytPpHeF6/U=
-13,37,nXbD4C1DmkBzz9XrCgek32rGEt8=,yNnzs/5aLpHC/3mxCytPpHeF6/U=
-11,37,nXbD4C1DmkBzz9XrCgek32rGEt8=,yNnzs/5aLpHC/3mxCytPpHeF6/U=
-16,38,nXbD4C1DmkBzz9XrCgek32rGEt8=,yNnzs/5aLpHC/3mxCytPpHeF6/U=
-10,36,nXbD4C1DmkBzz9XrCgek32rGEt8=,yNnzs/5aLpHC/3mxCytPpHeF6/U=
-10,32,nXbD4C1DmkBzz9XrCgek32rGEt8=,yNnzs/5aLpHC/3mxCytPpHeF6/U=
-11,36,nXbD4C1DmkBzz9XrCgek32rGEt8=,yNnzs/5aLpHC/3mxCytPpHeF6/U=
-13,32,nXbD4C1DmkBzz9XrCgek32rGEt8=,yNnzs/5aLpHC/3mxCytPpHeF6/U=
-14,36,nXbD4C1DmkBzz9XrCgek32rGEt8=,yNnzs/5aLpHC/3mxCytPpHeF6/U=
-13,36,nXbD4C1DmkBzz9XrCgek32rGEt8=,yNnzs/5aLpHC/3mxCytPpHeF6/U=
-11,32,nXbD4C1DmkBzz9XrCgek32rGEt8=,yNnzs/5aLpHC/3mxCytPpHeF6/U=
-14,40,nXbD4C1DmkBzz9XrCgek32rGEt8=,tB3gE6roZKZQUUuUfzMflQEjuSk=
-12,37,nXbD4C1DmkBzz9XrCgek32rGEt8=,yNnzs/5aLpHC/3mxCytPpHeF6/U=
-10,40,nXbD4C1DmkBzz9XrCgek32rGEt8=,tB3gE6roZKZQUUuUfzMflQEjuSk=
-15,40,nXbD4C1DmkBzz9XrCgek32rGEt8=,tB3gE6roZKZQUUuUfzMflQEjuSk=
-12,32,nXbD4C1DmkBzz9XrCgek32rGEt8=,yNnzs/5aLpHC/3mxCytPpHeF6/U=
-11,40,nXbD4C1DmkBzz9XrCgek32rGEt8=,tB3gE6roZKZQUUuUfzMflQEjuSk=
-12,36,nXbD4C1DmkBzz9XrCgek32rGEt8=,yNnzs/5aLpHC/3mxCytPpHeF6/U=
-10,34,nXbD4C1DmkBzz9XrCgek32rGEt8=,yNnzs/5aLpHC/3mxCytPpHeF6/U=
-13,34,nXbD4C1DmkBzz9XrCgek32rGEt8=,yNnzs/5aLpHC/3mxCytPpHeF6/U=
-14,34,nXbD4C1DmkBzz9XrCgek32rGEt8=,yNnzs/5aLpHC/3mxCytPpHeF6/U=
-13,40,nXbD4C1DmkBzz9XrCgek32rGEt8=,tB3gE6roZKZQUUuUfzMflQEjuSk=
-10,38,nXbD4C1DmkBzz9XrCgek32rGEt8=,yNnzs/5aLpHC/3mxCytPpHeF6/U=
-12,40,nXbD4C1DmkBzz9XrCgek32rGEt8=,tB3gE6roZKZQUUuUfzMflQEjuSk=
-14,32,nXbD4C1DmkBzz9XrCgek32rGEt8=,yNnzs/5aLpHC/3mxCytPpHeF6/U=
-10,39,nXbD4C1DmkBzz9XrCgek32rGEt8=,yNnzs/5aLpHC/3mxCytPpHeF6/U=
-11,34,nXbD4C1DmkBzz9XrCgek32rGEt8=,yNnzs/5aLpHC/3mxCytPpHeF6/U=
-11,39,nXbD4C1DmkBzz9XrCgek32rGEt8=,yNnzs/5aLpHC/3mxCytPpHeF6/U=
-10,33,nXbD4C1DmkBzz9XrCgek32rGEt8=,yNnzs/5aLpHC/3mxCytPpHeF6/U=
-12,38,nXbD4C1DmkBzz9XrCgek32rGEt8=,yNnzs/5aLpHC/3mxCytPpHeF6/U=
-10,37,nXbD4C1DmkBzz9XrCgek32rGEt8=,yNnzs/5aLpHC/3mxCytPpHeF6/U=
-10,35,nXbD4C1DmkBzz9XrCgek32rGEt8=,yNnzs/5aLpHC/3mxCytPpHeF6/U=
-11,33,nXbD4C1DmkBzz9XrCgek32rGEt8=,yNnzs/5aLpHC/3mxCytPpHeF6/U=
-12,39,nXbD4C1DmkBzz9XrCgek32rGEt8=,yNnzs/5aLpHC/3mxCytPpHeF6/U=
-12,34,nXbD4C1DmkBzz9XrCgek32rGEt8=,yNnzs/5aLpHC/3mxCytPpHeF6/U=
-13,35,nXbD4C1DmkBzz9XrCgek32rGEt8=,yNnzs/5aLpHC/3mxCytPpHeF6/U=
-12,33,nXbD4C1DmkBzz9XrCgek32rGEt8=,yNnzs/5aLpHC/3mxCytPpHeF6/U=
-12,35,nXbD4C1DmkBzz9XrCgek32rGEt8=,yNnzs/5aLpHC/3mxCytPpHeF6/U=
-11,35,nXbD4C1DmkBzz9XrCgek32rGEt8=,yNnzs/5aLpHC/3mxCytPpHeF6/U=
-13,47,nXbD4C1DmkBzz9XrCgek32rGEt8=,tB3gE6roZKZQUUuUfzMflQEjuSk=
-15,47,nXbD4C1DmkBzz9XrCgek32rGEt8=,tB3gE6roZKZQUUuUfzMflQEjuSk=
-14,47,nXbD4C1DmkBzz9XrCgek32rGEt8=,tB3gE6roZKZQUUuUfzMflQEjuSk=
-12,47,nXbD4C1DmkBzz9XrCgek32rGEt8=,tB3gE6roZKZQUUuUfzMflQEjuSk=
-11,47,nXbD4C1DmkBzz9XrCgek32rGEt8=,tB3gE6roZKZQUUuUfzMflQEjuSk=
-10,47,nXbD4C1DmkBzz9XrCgek32rGEt8=,tB3gE6roZKZQUUuUfzMflQEjuSk=
-1,34,nXbD4C1DmkBzz9XrCgek32rGEt8=,A6Yy+FxRb/5Sdo1U9ArUjGq+hGs=
-2,34,nXbD4C1DmkBzz9XrCgek32rGEt8=,A6Yy+FxRb/5Sdo1U9ArUjGq+hGs=
-5,35,nXbD4C1DmkBzz9XrCgek32rGEt8=,A6Yy+FxRb/5Sdo1U9ArUjGq+hGs=
-3,34,nXbD4C1DmkBzz9XrCgek32rGEt8=,A6Yy+FxRb/5Sdo1U9ArUjGq+hGs=
-7,35,nXbD4C1DmkBzz9XrCgek32rGEt8=,A6Yy+FxRb/5Sdo1U9ArUjGq+hGs=
-4,34,nXbD4C1DmkBzz9XrCgek32rGEt8=,A6Yy+FxRb/5Sdo1U9ArUjGq+hGs=
-1,33,nXbD4C1DmkBzz9XrCgek32rGEt8=,A6Yy+FxRb/5Sdo1U9ArUjGq+hGs=
-8,35,nXbD4C1DmkBzz9XrCgek32rGEt8=,A6Yy+FxRb/5Sdo1U9ArUjGq+hGs=
-6,35,nXbD4C1DmkBzz9XrCgek32rGEt8=,A6Yy+FxRb/5Sdo1U9ArUjGq+hGs=
-4,35,nXbD4C1DmkBzz9XrCgek32rGEt8=,A6Yy+FxRb/5Sdo1U9ArUjGq+hGs=
-2,33,nXbD4C1DmkBzz9XrCgek32rGEt8=,A6Yy+FxRb/5Sdo1U9ArUjGq+hGs=
-4,45,nXbD4C1DmkBzz9XrCgek32rGEt8=,HJeYLYkeuuvzqgaCGzTjRQzN/uo=
-5,34,nXbD4C1DmkBzz9XrCgek32rGEt8=,A6Yy+FxRb/5Sdo1U9ArUjGq+hGs=
-8,34,nXbD4C1DmkBzz9XrCgek32rGEt8=,A6Yy+FxRb/5Sdo1U9ArUjGq+hGs=
-6,34,nXbD4C1DmkBzz9XrCgek32rGEt8=,A6Yy+FxRb/5Sdo1U9ArUjGq+hGs=
-3,33,nXbD4C1DmkBzz9XrCgek32rGEt8=,A6Yy+FxRb/5Sdo1U9ArUjGq+hGs=
-2,32,nXbD4C1DmkBzz9XrCgek32rGEt8=,A6Yy+FxRb/5Sdo1U9ArUjGq+hGs=
-4,33,nXbD4C1DmkBzz9XrCgek32rGEt8=,A6Yy+FxRb/5Sdo1U9ArUjGq+hGs=
-7,34,nXbD4C1DmkBzz9XrCgek32rGEt8=,A6Yy+FxRb/5Sdo1U9ArUjGq+hGs=
-3,45,nXbD4C1DmkBzz9XrCgek32rGEt8=,HJeYLYkeuuvzqgaCGzTjRQzN/uo=
-6,33,nXbD4C1DmkBzz9XrCgek32rGEt8=,A6Yy+FxRb/5Sdo1U9ArUjGq+hGs=
-4,32,nXbD4C1DmkBzz9XrCgek32rGEt8=,A6Yy+FxRb/5Sdo1U9ArUjGq+hGs=
-5,32,nXbD4C1DmkBzz9XrCgek32rGEt8=,A6Yy+FxRb/5Sdo1U9ArUjGq+hGs=
-3,32,nXbD4C1DmkBzz9XrCgek32rGEt8=,A6Yy+FxRb/5Sdo1U9ArUjGq+hGs=
-2,38,nXbD4C1DmkBzz9XrCgek32rGEt8=,A6Yy+FxRb/5Sdo1U9ArUjGq+hGs=
-8,33,nXbD4C1DmkBzz9XrCgek32rGEt8=,A6Yy+FxRb/5Sdo1U9ArUjGq+hGs=
-7,32,nXbD4C1DmkBzz9XrCgek32rGEt8=,A6Yy+FxRb/5Sdo1U9ArUjGq+hGs=
-1,38,nXbD4C1DmkBzz9XrCgek32rGEt8=,A6Yy+FxRb/5Sdo1U9ArUjGq+hGs=
-8,38,nXbD4C1DmkBzz9XrCgek32rGEt8=,A6Yy+FxRb/5Sdo1U9ArUjGq+hGs=
-4,38,nXbD4C1DmkBzz9XrCgek32rGEt8=,A6Yy+FxRb/5Sdo1U9ArUjGq+hGs=
-2,45,nXbD4C1DmkBzz9XrCgek32rGEt8=,HJeYLYkeuuvzqgaCGzTjRQzN/uo=
-7,38,nXbD4C1DmkBzz9XrCgek32rGEt8=,A6Yy+FxRb/5Sdo1U9ArUjGq+hGs=
-3,38,nXbD4C1DmkBzz9XrCgek32rGEt8=,A6Yy+FxRb/5Sdo1U9ArUjGq+hGs=
-5,38,nXbD4C1DmkBzz9XrCgek32rGEt8=,A6Yy+FxRb/5Sdo1U9ArUjGq+hGs=
-6,32,nXbD4C1DmkBzz9XrCgek32rGEt8=,A6Yy+FxRb/5Sdo1U9ArUjGq+hGs=
-1,39,nXbD4C1DmkBzz9XrCgek32rGEt8=,A6Yy+FxRb/5Sdo1U9ArUjGq+hGs=
-5,33,nXbD4C1DmkBzz9XrCgek32rGEt8=,A6Yy+FxRb/5Sdo1U9ArUjGq+hGs=
-6,38,nXbD4C1DmkBzz9XrCgek32rGEt8=,A6Yy+FxRb/5Sdo1U9ArUjGq+hGs=
-2,37,nXbD4C1DmkBzz9XrCgek32rGEt8=,A6Yy+FxRb/5Sdo1U9ArUjGq+hGs=
-16,41,nXbD4C1DmkBzz9XrCgek32rGEt8=,tB3gE6roZKZQUUuUfzMflQEjuSk=
-16,42,nXbD4C1DmkBzz9XrCgek32rGEt8=,tB3gE6roZKZQUUuUfzMflQEjuSk=
-16,43,nXbD4C1DmkBzz9XrCgek32rGEt8=,tB3gE6roZKZQUUuUfzMflQEjuSk=
-16,40,nXbD4C1DmkBzz9XrCgek32rGEt8=,tB3gE6roZKZQUUuUfzMflQEjuSk=
-16,39,nXbD4C1DmkBzz9XrCgek32rGEt8=,yNnzs/5aLpHC/3mxCytPpHeF6/U=
-8,32,nXbD4C1DmkBzz9XrCgek32rGEt8=,A6Yy+FxRb/5Sdo1U9ArUjGq+hGs=
-16,46,nXbD4C1DmkBzz9XrCgek32rGEt8=,tB3gE6roZKZQUUuUfzMflQEjuSk=
-16,45,nXbD4C1DmkBzz9XrCgek32rGEt8=,tB3gE6roZKZQUUuUfzMflQEjuSk=
-16,44,nXbD4C1DmkBzz9XrCgek32rGEt8=,tB3gE6roZKZQUUuUfzMflQEjuSk=
-4,37,nXbD4C1DmkBzz9XrCgek32rGEt8=,A6Yy+FxRb/5Sdo1U9ArUjGq+hGs=
-6,37,nXbD4C1DmkBzz9XrCgek32rGEt8=,A6Yy+FxRb/5Sdo1U9ArUjGq+hGs=
-5,37,nXbD4C1DmkBzz9XrCgek32rGEt8=,A6Yy+FxRb/5Sdo1U9ArUjGq+hGs=
-1,37,nXbD4C1DmkBzz9XrCgek32rGEt8=,A6Yy+FxRb/5Sdo1U9ArUjGq+hGs=
-3,37,nXbD4C1DmkBzz9XrCgek32rGEt8=,A6Yy+FxRb/5Sdo1U9ArUjGq+hGs=
-5,45,nXbD4C1DmkBzz9XrCgek32rGEt8=,HJeYLYkeuuvzqgaCGzTjRQzN/uo=
-1,45,nXbD4C1DmkBzz9XrCgek32rGEt8=,HJeYLYkeuuvzqgaCGzTjRQzN/uo=
-9,32,nXbD4C1DmkBzz9XrCgek32rGEt8=,yNnzs/5aLpHC/3mxCytPpHeF6/U=
-8,37,nXbD4C1DmkBzz9XrCgek32rGEt8=,A6Yy+FxRb/5Sdo1U9ArUjGq+hGs=
-8,46,nXbD4C1DmkBzz9XrCgek32rGEt8=,HJeYLYkeuuvzqgaCGzTjRQzN/uo=
-4,36,nXbD4C1DmkBzz9XrCgek32rGEt8=,A6Yy+FxRb/5Sdo1U9ArUjGq+hGs=
-1,36,nXbD4C1DmkBzz9XrCgek32rGEt8=,A6Yy+FxRb/5Sdo1U9ArUjGq+hGs=
-7,37,nXbD4C1DmkBzz9XrCgek32rGEt8=,A6Yy+FxRb/5Sdo1U9ArUjGq+hGs=
-7,33,nXbD4C1DmkBzz9XrCgek32rGEt8=,A6Yy+FxRb/5Sdo1U9ArUjGq+hGs=
-3,36,nXbD4C1DmkBzz9XrCgek32rGEt8=,A6Yy+FxRb/5Sdo1U9ArUjGq+hGs=
-2,39,nXbD4C1DmkBzz9XrCgek32rGEt8=,A6Yy+FxRb/5Sdo1U9ArUjGq+hGs=
-7,45,nXbD4C1DmkBzz9XrCgek32rGEt8=,HJeYLYkeuuvzqgaCGzTjRQzN/uo=
-2,36,nXbD4C1DmkBzz9XrCgek32rGEt8=,A6Yy+FxRb/5Sdo1U9ArUjGq+hGs=
-9,38,nXbD4C1DmkBzz9XrCgek32rGEt8=,yNnzs/5aLpHC/3mxCytPpHeF6/U=
-1,35,nXbD4C1DmkBzz9XrCgek32rGEt8=,A6Yy+FxRb/5Sdo1U9ArUjGq+hGs=
-8,36,nXbD4C1DmkBzz9XrCgek32rGEt8=,A6Yy+FxRb/5Sdo1U9ArUjGq+hGs=
-7,36,nXbD4C1DmkBzz9XrCgek32rGEt8=,A6Yy+FxRb/5Sdo1U9ArUjGq+hGs=
-8,45,nXbD4C1DmkBzz9XrCgek32rGEt8=,HJeYLYkeuuvzqgaCGzTjRQzN/uo=
-3,35,nXbD4C1DmkBzz9XrCgek32rGEt8=,A6Yy+FxRb/5Sdo1U9ArUjGq+hGs=
-6,45,nXbD4C1DmkBzz9XrCgek32rGEt8=,HJeYLYkeuuvzqgaCGzTjRQzN/uo=
-9,36,nXbD4C1DmkBzz9XrCgek32rGEt8=,yNnzs/5aLpHC/3mxCytPpHeF6/U=
-3,39,nXbD4C1DmkBzz9XrCgek32rGEt8=,A6Yy+FxRb/5Sdo1U9ArUjGq+hGs=
-9,37,nXbD4C1DmkBzz9XrCgek32rGEt8=,yNnzs/5aLpHC/3mxCytPpHeF6/U=
-6,36,nXbD4C1DmkBzz9XrCgek32rGEt8=,A6Yy+FxRb/5Sdo1U9ArUjGq+hGs=
-2,35,nXbD4C1DmkBzz9XrCgek32rGEt8=,A6Yy+FxRb/5Sdo1U9ArUjGq+hGs=
-9,39,nXbD4C1DmkBzz9XrCgek32rGEt8=,yNnzs/5aLpHC/3mxCytPpHeF6/U=
-5,36,nXbD4C1DmkBzz9XrCgek32rGEt8=,A6Yy+FxRb/5Sdo1U9ArUjGq+hGs=
-7,46,nXbD4C1DmkBzz9XrCgek32rGEt8=,HJeYLYkeuuvzqgaCGzTjRQzN/uo=
-8,39,nXbD4C1DmkBzz9XrCgek32rGEt8=,A6Yy+FxRb/5Sdo1U9ArUjGq+hGs=
-9,34,nXbD4C1DmkBzz9XrCgek32rGEt8=,yNnzs/5aLpHC/3mxCytPpHeF6/U=
-9,33,nXbD4C1DmkBzz9XrCgek32rGEt8=,yNnzs/5aLpHC/3mxCytPpHeF6/U=
-7,39,nXbD4C1DmkBzz9XrCgek32rGEt8=,A6Yy+FxRb/5Sdo1U9ArUjGq+hGs=
-4,39,nXbD4C1DmkBzz9XrCgek32rGEt8=,A6Yy+FxRb/5Sdo1U9ArUjGq+hGs=
-5,39,nXbD4C1DmkBzz9XrCgek32rGEt8=,A6Yy+FxRb/5Sdo1U9ArUjGq+hGs=
-9,46,nXbD4C1DmkBzz9XrCgek32rGEt8=,tB3gE6roZKZQUUuUfzMflQEjuSk=
-8,44,nXbD4C1DmkBzz9XrCgek32rGEt8=,HJeYLYkeuuvzqgaCGzTjRQzN/uo=
-6,39,nXbD4C1DmkBzz9XrCgek32rGEt8=,A6Yy+FxRb/5Sdo1U9ArUjGq+hGs=
-3,44,nXbD4C1DmkBzz9XrCgek32rGEt8=,HJeYLYkeuuvzqgaCGzTjRQzN/uo=
-5,44,nXbD4C1DmkBzz9XrCgek32rGEt8=,HJeYLYkeuuvzqgaCGzTjRQzN/uo=
-4,44,nXbD4C1DmkBzz9XrCgek32rGEt8=,HJeYLYkeuuvzqgaCGzTjRQzN/uo=
-9,45,nXbD4C1DmkBzz9XrCgek32rGEt8=,tB3gE6roZKZQUUuUfzMflQEjuSk=
-7,44,nXbD4C1DmkBzz9XrCgek32rGEt8=,HJeYLYkeuuvzqgaCGzTjRQzN/uo=
-1,44,nXbD4C1DmkBzz9XrCgek32rGEt8=,HJeYLYkeuuvzqgaCGzTjRQzN/uo=
-6,44,nXbD4C1DmkBzz9XrCgek32rGEt8=,HJeYLYkeuuvzqgaCGzTjRQzN/uo=
-9,44,nXbD4C1DmkBzz9XrCgek32rGEt8=,tB3gE6roZKZQUUuUfzMflQEjuSk=
-9,43,nXbD4C1DmkBzz9XrCgek32rGEt8=,tB3gE6roZKZQUUuUfzMflQEjuSk=
-6,46,nXbD4C1DmkBzz9XrCgek32rGEt8=,HJeYLYkeuuvzqgaCGzTjRQzN/uo=
-9,42,nXbD4C1DmkBzz9XrCgek32rGEt8=,tB3gE6roZKZQUUuUfzMflQEjuSk=
-8,43,nXbD4C1DmkBzz9XrCgek32rGEt8=,HJeYLYkeuuvzqgaCGzTjRQzN/uo=
-1,43,nXbD4C1DmkBzz9XrCgek32rGEt8=,HJeYLYkeuuvzqgaCGzTjRQzN/uo=
-3,47,nXbD4C1DmkBzz9XrCgek32rGEt8=,HJeYLYkeuuvzqgaCGzTjRQzN/uo=
-2,43,nXbD4C1DmkBzz9XrCgek32rGEt8=,HJeYLYkeuuvzqgaCGzTjRQzN/uo=
-9,41,nXbD4C1DmkBzz9XrCgek32rGEt8=,tB3gE6roZKZQUUuUfzMflQEjuSk=
-9,35,nXbD4C1DmkBzz9XrCgek32rGEt8=,yNnzs/5aLpHC/3mxCytPpHeF6/U=
-6,43,nXbD4C1DmkBzz9XrCgek32rGEt8=,HJeYLYkeuuvzqgaCGzTjRQzN/uo=
-5,43,nXbD4C1DmkBzz9XrCgek32rGEt8=,HJeYLYkeuuvzqgaCGzTjRQzN/uo=
-1,42,nXbD4C1DmkBzz9XrCgek32rGEt8=,HJeYLYkeuuvzqgaCGzTjRQzN/uo=
-4,43,nXbD4C1DmkBzz9XrCgek32rGEt8=,HJeYLYkeuuvzqgaCGzTjRQzN/uo=
-9,40,nXbD4C1DmkBzz9XrCgek32rGEt8=,tB3gE6roZKZQUUuUfzMflQEjuSk=
-2,47,nXbD4C1DmkBzz9XrCgek32rGEt8=,HJeYLYkeuuvzqgaCGzTjRQzN/uo=
-8,42,nXbD4C1DmkBzz9XrCgek32rGEt8=,HJeYLYkeuuvzqgaCGzTjRQzN/uo=
-5,46,nXbD4C1DmkBzz9XrCgek32rGEt8=,HJeYLYkeuuvzqgaCGzTjRQzN/uo=
-4,42,nXbD4C1DmkBzz9XrCgek32rGEt8=,HJeYLYkeuuvzqgaCGzTjRQzN/uo=
-6,42,nXbD4C1DmkBzz9XrCgek32rGEt8=,HJeYLYkeuuvzqgaCGzTjRQzN/uo=
-5,42,nXbD4C1DmkBzz9XrCgek32rGEt8=,HJeYLYkeuuvzqgaCGzTjRQzN/uo=
-4,47,nXbD4C1DmkBzz9XrCgek32rGEt8=,HJeYLYkeuuvzqgaCGzTjRQzN/uo=
-2,42,nXbD4C1DmkBzz9XrCgek32rGEt8=,HJeYLYkeuuvzqgaCGzTjRQzN/uo=
-5,47,nXbD4C1DmkBzz9XrCgek32rGEt8=,HJeYLYkeuuvzqgaCGzTjRQzN/uo=
-1,41,nXbD4C1DmkBzz9XrCgek32rGEt8=,HJeYLYkeuuvzqgaCGzTjRQzN/uo=
-7,42,nXbD4C1DmkBzz9XrCgek32rGEt8=,HJeYLYkeuuvzqgaCGzTjRQzN/uo=
-7,43,nXbD4C1DmkBzz9XrCgek32rGEt8=,HJeYLYkeuuvzqgaCGzTjRQzN/uo=
-1,40,nXbD4C1DmkBzz9XrCgek32rGEt8=,HJeYLYkeuuvzqgaCGzTjRQzN/uo=
-8,41,nXbD4C1DmkBzz9XrCgek32rGEt8=,HJeYLYkeuuvzqgaCGzTjRQzN/uo=
-4,41,nXbD4C1DmkBzz9XrCgek32rGEt8=,HJeYLYkeuuvzqgaCGzTjRQzN/uo=
-5,41,nXbD4C1DmkBzz9XrCgek32rGEt8=,HJeYLYkeuuvzqgaCGzTjRQzN/uo=
-3,41,nXbD4C1DmkBzz9XrCgek32rGEt8=,HJeYLYkeuuvzqgaCGzTjRQzN/uo=
-2,41,nXbD4C1DmkBzz9XrCgek32rGEt8=,HJeYLYkeuuvzqgaCGzTjRQzN/uo=
-6,41,nXbD4C1DmkBzz9XrCgek32rGEt8=,HJeYLYkeuuvzqgaCGzTjRQzN/uo=
-4,46,nXbD4C1DmkBzz9XrCgek32rGEt8=,HJeYLYkeuuvzqgaCGzTjRQzN/uo=
-7,41,nXbD4C1DmkBzz9XrCgek32rGEt8=,HJeYLYkeuuvzqgaCGzTjRQzN/uo=
-2,40,nXbD4C1DmkBzz9XrCgek32rGEt8=,HJeYLYkeuuvzqgaCGzTjRQzN/uo=
-3,42,nXbD4C1DmkBzz9XrCgek32rGEt8=,HJeYLYkeuuvzqgaCGzTjRQzN/uo=
-3,40,nXbD4C1DmkBzz9XrCgek32rGEt8=,HJeYLYkeuuvzqgaCGzTjRQzN/uo=
-8,40,nXbD4C1DmkBzz9XrCgek32rGEt8=,HJeYLYkeuuvzqgaCGzTjRQzN/uo=
-7,47,nXbD4C1DmkBzz9XrCgek32rGEt8=,HJeYLYkeuuvzqgaCGzTjRQzN/uo=
-6,47,nXbD4C1DmkBzz9XrCgek32rGEt8=,HJeYLYkeuuvzqgaCGzTjRQzN/uo=
-3,46,nXbD4C1DmkBzz9XrCgek32rGEt8=,HJeYLYkeuuvzqgaCGzTjRQzN/uo=
-6,40,nXbD4C1DmkBzz9XrCgek32rGEt8=,HJeYLYkeuuvzqgaCGzTjRQzN/uo=
-1,46,nXbD4C1DmkBzz9XrCgek32rGEt8=,HJeYLYkeuuvzqgaCGzTjRQzN/uo=
-8,47,nXbD4C1DmkBzz9XrCgek32rGEt8=,HJeYLYkeuuvzqgaCGzTjRQzN/uo=
-5,40,nXbD4C1DmkBzz9XrCgek32rGEt8=,HJeYLYkeuuvzqgaCGzTjRQzN/uo=
-2,46,nXbD4C1DmkBzz9XrCgek32rGEt8=,HJeYLYkeuuvzqgaCGzTjRQzN/uo=
-7,40,nXbD4C1DmkBzz9XrCgek32rGEt8=,HJeYLYkeuuvzqgaCGzTjRQzN/uo=
-4,40,nXbD4C1DmkBzz9XrCgek32rGEt8=,HJeYLYkeuuvzqgaCGzTjRQzN/uo=
-9,47,nXbD4C1DmkBzz9XrCgek32rGEt8=,tB3gE6roZKZQUUuUfzMflQEjuSk=
-2,44,nXbD4C1DmkBzz9XrCgek32rGEt8=,HJeYLYkeuuvzqgaCGzTjRQzN/uo=
-3,43,nXbD4C1DmkBzz9XrCgek32rGEt8=,HJeYLYkeuuvzqgaCGzTjRQzN/uo=
-16,47,nXbD4C1DmkBzz9XrCgek32rGEt8=,tB3gE6roZKZQUUuUfzMflQEjuSk=
-16,32,nXbD4C1DmkBzz9XrCgek32rGEt8=,yNnzs/5aLpHC/3mxCytPpHeF6/U=
-1,32,nXbD4C1DmkBzz9XrCgek32rGEt8=,A6Yy+FxRb/5Sdo1U9ArUjGq+hGs=
-1,47,nXbD4C1DmkBzz9XrCgek32rGEt8=,HJeYLYkeuuvzqgaCGzTjRQzN/uo=
